1	47 MySakila Drive		Alberta	300			2006-02-15T04:45:30Z
2	28 MySQL Boulevard		QLD	576			2006-02-15T04:45:30Z
3	23 Workhaven Lane		Alberta	300		14033335568	2006-02-15T04:45:30Z
4	1411 Lillydale Drive		QLD	576		6172235589	2006-02-15T04:45:30Z
5	1913 Hanoi Way		Nagasaki	463	35200	28303384290	2006-02-15T04:45:30Z
6	1121 Loja Avenue		California	449	17886	838635286649	2006-02-15T04:45:30Z
7	692 Joliet Street		Attika	38	83579	448477190408	2006-02-15T04:45:30Z
8	1566 Inegöl Manor		Mandalay	349	53561	705814003527	2006-02-15T04:45:30Z
9	53 Idfu Parkway		Nantou	361	42399	10655648674	2006-02-15T04:45:30Z
10	1795 Santiago de Compostela Way		Texas	295	18743	860452626434	2006-02-15T04:45:30Z
11	900 Santiago de Compostela Parkway		Central Serbia	280	93896	716571220373	2006-02-15T04:45:30Z
12	478 Joliet Way		Hamilton	200	77948	657282285970	2006-02-15T04:45:30Z
13	613 Korolev Drive		Masqat	329	45844	380657522649	2006-02-15T04:45:30Z
14	1531 Salé Drive		Esfahan	162	53628	648856936185	2006-02-15T04:45:30Z
15	1542 Tarlac Parkway		Kanagawa	440	1027	635297277345	2006-02-15T04:45:30Z
16	808 Bhopal Manor		Haryana	582	10672	465887807014	2006-02-15T04:45:30Z
17	270 Amroha Parkway		Osmaniye	384	29610	695479687538	2006-02-15T04:45:30Z
18	770 Bydgoszcz Avenue		California	120	16266	517338314235	2006-02-15T04:45:30Z
19	419 Iligan Lane		Madhya Pradesh	76	72878	990911107354	2006-02-15T04:45:30Z
20	360 Toulouse Parkway		England	495	54308	949312333307	2006-02-15T04:45:30Z
21	270 Toulon Boulevard		Kalmykia	156	81766	407752414682	2006-02-15T04:45:30Z
22	320 Brest Avenue		Kaduna	252	43331	747791594069	2006-02-15T04:45:30Z
23	1417 Lancaster Avenue		Northern Cape	267	72192	272572357893	2006-02-15T04:45:30Z
24	1688 Okara Way		Nothwest Border Prov	327	21954	144453869132	2006-02-15T04:45:30Z
25	262 A Coruña (La Coruña) Parkway		Dhaka	525	34418	892775750063	2006-02-15T04:45:30Z
26	28 Charlotte Amalie Street		Rabat-Sal-Zammour-Z	443	37551	161968374323	2006-02-15T04:45:30Z
27	1780 Hino Boulevard		Liepaja	303	7716	902731229323	2006-02-15T04:45:30Z
28	96 Tafuna Way		Córdoba	128	99865	934730187245	2006-02-15T04:45:30Z
29	934 San Felipe de Puerto Plata Street		Sind	472	99780	196495945706	2006-02-15T04:45:30Z
30	18 Duisburg Boulevard			121	58327	998009777982	2006-02-15T04:45:30Z
31	217 Botshabelo Place		Southern Mindanao	138	49521	665356572025	2006-02-15T04:45:30Z
32	1425 Shikarpur Manor		Bihar	346	65599	678220867005	2006-02-15T04:45:30Z
33	786 Aurora Avenue		Yamaguchi	474	65750	18461860151	2006-02-15T04:45:30Z
34	1668 Anápolis Street		Taipei	316	50199	525255540978	2006-02-15T04:45:30Z
35	33 Gorontalo Way		West Bengali	257	30348	745994947458	2006-02-15T04:45:30Z
36	176 Mandaluyong Place		Uttar Pradesh	239	65213	627705991774	2006-02-15T04:45:30Z
37	127 Purnea (Purnia) Manor		Piemonte	17	79388	911872220378	2006-02-15T04:45:30Z
38	61 Tama Street		Okayama	284	94065	708403338270	2006-02-15T04:45:30Z
39	391 Callao Drive		Midi-Pyrnes	544	34021	440512153169	2006-02-15T04:45:30Z
40	334 Munger (Monghyr) Lane		Markazi	31	38145	481183273622	2006-02-15T04:45:30Z
41	1440 Fukuyama Loop		Henan	362	47929	912257250465	2006-02-15T04:45:30Z
42	269 Cam Ranh Parkway		Chisinau	115	34689	489783829737	2006-02-15T04:45:30Z
43	306 Antofagasta Place		Esprito Santo	569	3989	378318851631	2006-02-15T04:45:30Z
44	671 Graz Street		Oriental	353	94399	680768868518	2006-02-15T04:45:30Z
45	42 Brindisi Place		Yerevan	586	16744	42384721397	2006-02-15T04:45:30Z
46	1632 Bislig Avenue		Nonthaburi	394	61117	471675840679	2006-02-15T04:45:30Z
47	1447 Imus Way		Tahiti	167	48942	539758313890	2006-02-15T04:45:30Z
48	1998 Halifax Drive		Lipetsk	308	76022	177727722820	2006-02-15T04:45:30Z
49	1718 Valencia Street		Antofagasta	27	37359	675292816413	2006-02-15T04:45:30Z
50	46 Pjatigorsk Lane		Moscow (City)	343	23616	262076994845	2006-02-15T04:45:30Z
51	686 Garland Manor		Cear	247	52535	69493378813	2006-02-15T04:45:30Z
52	909 Garland Manor		Tatarstan	367	69367	705800322606	2006-02-15T04:45:30Z
53	725 Isesaki Place		Mekka	237	74428	876295323994	2006-02-15T04:45:30Z
54	115 Hidalgo Parkway		Khartum	379	80168	307703950263	2006-02-15T04:45:30Z
55	1135 Izumisano Parkway		California	171	48150	171822533480	2006-02-15T04:45:30Z
56	939 Probolinggo Loop		Galicia	1	4166	680428310138	2006-02-15T04:45:30Z
57	17 Kabul Boulevard		Chiba	355	38594	697760867968	2006-02-15T04:45:30Z
58	1964 Allappuzha (Alleppey) Street		Yamaguchi	227	48980	920811325222	2006-02-15T04:45:30Z
59	1697 Kowloon and New Kowloon Loop		Moskova	49	57807	499352017190	2006-02-15T04:45:30Z
60	1668 Saint Louis Place		Tahiti	397	39072	347487831378	2006-02-15T04:45:30Z
61	943 Tokat Street		Vaduz	560	45428	889318963672	2006-02-15T04:45:30Z
62	1114 Liepaja Street		Sarawak	282	69226	212869228936	2006-02-15T04:45:30Z
63	1213 Ranchi Parkway		Karnataka	350	94352	800024380485	2006-02-15T04:45:30Z
64	81 Hodeida Way		Rajasthan	231	55561	250767749542	2006-02-15T04:45:30Z
65	915 Ponce Place		Basel-Stadt	56	83980	1395251317	2006-02-15T04:45:30Z
66	1717 Guadalajara Lane		Missouri	441	85505	914090181665	2006-02-15T04:45:30Z
67	1214 Hanoi Way		Nebraska	306	67055	491001136577	2006-02-15T04:45:30Z
68	1966 Amroha Avenue		Sichuan	139	70385	333489324603	2006-02-15T04:45:30Z
69	698 Otsu Street		Cayenne	105	71110	409983924481	2006-02-15T04:45:30Z
70	1150 Kimchon Manor		Skne ln	321	96109	663449333709	2006-02-15T04:45:30Z
71	1586 Guarujá Place		Hunan	579	5135	947233365992	2006-02-15T04:45:30Z
72	57 Arlington Manor		Madhya Pradesh	475	48960	990214419142	2006-02-15T04:45:30Z
73	1031 Daugavpils Parkway		Béchar	63	59025	107137400143	2006-02-15T04:45:30Z
74	1124 Buenaventura Drive		Mekka	13	6856	407733804223	2006-02-15T04:45:30Z
75	492 Cam Ranh Street		Eastern Visayas	61	50805	565018274456	2006-02-15T04:45:30Z
76	89 Allappuzha (Alleppey) Manor		National Capital Reg	517	75444	255800440636	2006-02-15T04:45:30Z
77	1947 Poços de Caldas Boulevard		Chiayi	114	60951	427454485876	2006-02-15T04:45:30Z
78	1206 Dos Quebradas Place		São Paulo	431	20207	241832790687	2006-02-15T04:45:30Z
79	1551 Rampur Lane		Changhwa	108	72394	251164340471	2006-02-15T04:45:30Z
80	602 Paarl Street		Pavlodar	402	98889	896314772871	2006-02-15T04:45:30Z
81	1692 Ede Loop		São Paulo	30	9223	918711376618	2006-02-15T04:45:30Z
82	936 Salzburg Lane		Uttar Pradesh	425	96709	875756771675	2006-02-15T04:45:30Z
83	586 Tete Way		Kanagawa	256	1079	18581624103	2006-02-15T04:45:30Z
84	1888 Kabul Drive		Oyo & Osun	217	20936	701457319790	2006-02-15T04:45:30Z
85	320 Baiyin Parkway		Mahajanga	319	37307	223664661973	2006-02-15T04:45:30Z
86	927 Bahía Blanca Parkway		Krim	479	9495	821972242086	2006-02-15T04:45:30Z
87	929 Tallahassee Loop		Gauteng	497	74671	800716535041	2006-02-15T04:45:30Z
88	125 Città del Vaticano Boulevard		Puebla	40	67912	48417642933	2006-02-15T04:45:30Z
89	1557 Kütahya Boulevard		England	88	88002	720998247660	2006-02-15T04:45:30Z
90	870 Ashqelon Loop		Songkhla	489	84931	135117278909	2006-02-15T04:45:30Z
91	1740 Portoviejo Avenue		Sucre	480	29932	198123170793	2006-02-15T04:45:30Z
92	1942 Ciparay Parkway		Cheju	113	82624	978987363654	2006-02-15T04:45:30Z
93	1926 El Alto Avenue		Buenos Aires	289	75543	846225459260	2006-02-15T04:45:30Z
94	1952 Chatsworth Drive		Guangdong	332	25958	991562402283	2006-02-15T04:45:30Z
95	1370 Le Mans Avenue		Brunei and Muara	53	52163	345679835036	2006-02-15T04:45:30Z
96	984 Effon-Alaiye Avenue		Gois	183	17119	132986892228	2006-02-15T04:45:30Z
97	832 Nakhon Sawan Manor		Inner Mongolia	592	49021	275595571388	2006-02-15T04:45:30Z
98	152 Kitwe Parkway		Caraga	82	53182	835433605312	2006-02-15T04:45:30Z
99	1697 Tanauan Lane		Punjab	399	22870	4764773857	2006-02-15T04:45:30Z
100	1308 Arecibo Way		Georgia	41	30695	6171054059	2006-02-15T04:45:30Z
101	1599 Plock Drive		Tete	534	71986	817248913162	2006-02-15T04:45:30Z
102	669 Firozabad Loop		Abu Dhabi	12	92265	412903167998	2006-02-15T04:45:30Z
103	588 Vila Velha Manor		Kyongsangbuk	268	51540	333339908719	2006-02-15T04:45:30Z
104	1913 Kamakura Place		Lipetsk	238	97287	942570536750	2006-02-15T04:45:30Z
105	733 Mandaluyong Place		Asir	2	77459	196568435814	2006-02-15T04:45:30Z
106	659 Vaduz Drive		Ha Darom	34	49708	709935135487	2006-02-15T04:45:30Z
107	1177 Jelets Way		Kwara & Kogi	220	3305	484292626944	2006-02-15T04:45:30Z
108	1386 Yangor Avenue		Provence-Alpes-Cte	543	80720	449216226468	2006-02-15T04:45:30Z
109	454 Nakhon Sawan Boulevard		Funafuti	173	76383	963887147572	2006-02-15T04:45:30Z
110	1867 San Juan Bautista Tuxtepec Avenue		Ivanovo	225	78311	547003310357	2006-02-15T04:45:30Z
111	1532 Dzerzinsk Way		Buenos Aires	334	9599	330838016880	2006-02-15T04:45:30Z
112	1002 Ahmadnagar Manor		Mxico	213	93026	371490777743	2006-02-15T04:45:30Z
113	682 Junan Way		North West	273	30418	622255216127	2006-02-15T04:45:30Z
114	804 Elista Drive		Hubei	159	61069	379804592943	2006-02-15T04:45:30Z
115	1378 Alvorada Avenue		Distrito Federal	102	75834	272234298332	2006-02-15T04:45:30Z
116	793 Cam Ranh Avenue		California	292	87057	824370924746	2006-02-15T04:45:30Z
117	1079 Tel Aviv-Jaffa Boulevard		Sucre	132	10885	358178933857	2006-02-15T04:45:30Z
118	442 Rae Bareli Place		Nordrhein-Westfalen	148	24321	886636413768	2006-02-15T04:45:30Z
119	1107 Nakhon Sawan Avenue		Mxico	365	75149	867546627903	2006-02-15T04:45:30Z
120	544 Malmö Parkway		Central Java	403	63502	386759646229	2006-02-15T04:45:30Z
121	1967 Sincelejo Place		Gujarat	176	73644	577812616052	2006-02-15T04:45:30Z
122	333 Goiânia Way		Texas	185	78625	909029256431	2006-02-15T04:45:30Z
123	1987 Coacalco de Berriozábal Loop		al-Qalyubiya	476	96065	787654415858	2006-02-15T04:45:30Z
124	241 Mosul Lane		Risaralda	147	76157	765345144779	2006-02-15T04:45:30Z
125	211 Chiayi Drive		Uttar Pradesh	164	58186	665993880048	2006-02-15T04:45:30Z
126	1175 Tanauan Way		Lima	305	64615	937222955822	2006-02-15T04:45:30Z
127	117 Boa Vista Way		Uttar Pradesh	566	6804	677976133614	2006-02-15T04:45:30Z
128	848 Tafuna Manor		Kütahya	281	45142	614935229095	2006-02-15T04:45:30Z
129	569 Baicheng Lane		Gauteng	85	60304	490211944645	2006-02-15T04:45:30Z
130	1666 Qomsheh Drive		São Paulo	410	66255	582835362905	2006-02-15T04:45:30Z
131	801 Hagonoy Drive		Smolensk	484	8439	237426099212	2006-02-15T04:45:30Z
132	1050 Garden Grove Avenue		Slaskie	236	4999	973047364353	2006-02-15T04:45:30Z
133	1854 Tieli Street		Shandong	302	15819	509492324775	2006-02-15T04:45:30Z
134	758 Junan Lane		Gois	190	82639	935448624185	2006-02-15T04:45:30Z
135	1752 São Leopoldo Parkway		Taka-Karpatia	345	14014	252265130067	2006-02-15T04:45:30Z
136	898 Belém Manor		Free State	87	49757	707169393853	2006-02-15T04:45:30Z
137	261 Saint Louis Way		Coahuila de Zaragoza	541	83401	321944036800	2006-02-15T04:45:30Z
138	765 Southampton Drive		al-Qalyubiya	421	4285	23712411567	2006-02-15T04:45:30Z
139	943 Johannesburg Avenue		Maharashtra	417	5892	90921003005	2006-02-15T04:45:30Z
140	788 Atšinsk Street		Karnataka	211	81691	146497509724	2006-02-15T04:45:30Z
141	1749 Daxian Place		Gelderland	29	11044	963369996279	2006-02-15T04:45:30Z
142	1587 Sullana Lane		Inner Mongolia	207	85769	468060467018	2006-02-15T04:45:30Z
143	1029 Dzerzinsk Manor		Ynlin	542	57519	33173584456	2006-02-15T04:45:30Z
144	1666 Beni-Mellal Place		Tennessee	123	13377	9099941466	2006-02-15T04:45:30Z
145	928 Jaffna Loop		Hiroshima	172	93762	581852137991	2006-02-15T04:45:30Z
146	483 Ljubertsy Parkway		Scotland	149	60562	581174211853	2006-02-15T04:45:30Z
147	374 Bat Yam Boulevard		Kilis	266	97700	923261616249	2006-02-15T04:45:30Z
148	1027 Songkhla Manor		Minsk	340	30861	563660187896	2006-02-15T04:45:30Z
149	999 Sanaa Loop		Gauteng	491	3439	918032330119	2006-02-15T04:45:30Z
150	879 Newcastle Way		Michigan	499	90732	206841104594	2006-02-15T04:45:30Z
151	1337 Lincoln Parkway		Saitama	555	99457	597815221267	2006-02-15T04:45:30Z
152	1952 Pune Lane		Saint-Denis	442	92150	354615066969	2006-02-15T04:45:30Z
153	782 Mosul Street		Massachusetts	94	25545	885899703621	2006-02-15T04:45:30Z
154	781 Shimonoseki Drive		Michoacn de Ocampo	202	95444	632316273199	2006-02-15T04:45:30Z
155	1560 Jelets Boulevard		Shandong	291	77777	189446090264	2006-02-15T04:45:30Z
156	1963 Moscow Place		Assam	354	64863	761379480249	2006-02-15T04:45:30Z
157	456 Escobar Way		Jakarta Raya	232	36061	719202533520	2006-02-15T04:45:30Z
158	798 Cianjur Avenue		Shanxi	590	76990	499408708580	2006-02-15T04:45:30Z
159	185 Novi Sad Place		Bern	72	41778	904253967161	2006-02-15T04:45:30Z
160	1367 Yantai Manor		Ondo & Ekiti	381	21294	889538496300	2006-02-15T04:45:30Z
161	1386 Nakhon Sawan Boulevard		Pyongyang-si	420	53502	368899174225	2006-02-15T04:45:30Z
162	369 Papeete Way		North Carolina	187	66639	170117068815	2006-02-15T04:45:30Z
163	1440 Compton Place		North Austria	307	81037	931059836497	2006-02-15T04:45:30Z
164	1623 Bahía Blanca Manor		Moskova	310	81511	149981248346	2006-02-15T04:45:30Z
165	97 Shimoga Avenue		Tel Aviv	533	44660	177167004331	2006-02-15T04:45:30Z
166	1740 Le Mans Loop		Pays de la Loire	297	22853	168476538960	2006-02-15T04:45:30Z
167	1287 Xi´angfan Boulevard		Gifu	253	57844	819416131190	2006-02-15T04:45:30Z
168	842 Salzburg Lane		Adana	529	3313	697151428760	2006-02-15T04:45:30Z
169	154 Tallahassee Loop		Xinxiang	199	62250	935508855935	2006-02-15T04:45:30Z
170	710 San Felipe del Progreso Avenue		Lilongwe	304	76901	843801144113	2006-02-15T04:45:30Z
171	1540 Wroclaw Drive		Maharashtra	107	62686	182363341674	2006-02-15T04:45:30Z
172	475 Atšinsk Way		Gansu	240	59571	201705577290	2006-02-15T04:45:30Z
173	1294 Firozabad Drive		Ji´angxi	407	70618	161801569569	2006-02-15T04:45:30Z
174	1877 Ezhou Lane		Rajasthan	550	63337	264541743403	2006-02-15T04:45:30Z
175	316 Uruapan Street		Perak	223	58194	275788967899	2006-02-15T04:45:30Z
176	29 Pyongyang Loop		Batman	58	47753	734780743462	2006-02-15T04:45:30Z
177	1010 Klerksdorp Way		Steiermark	186	6802	493008546874	2006-02-15T04:45:30Z
178	1848 Salala Boulevard		Miranda	373	25220	48265851133	2006-02-15T04:45:30Z
179	431 Xi´angtan Avenue		Kerala	18	4854	230250973122	2006-02-15T04:45:30Z
180	757 Rustenburg Avenue		Skikda	483	89668	506134035434	2006-02-15T04:45:30Z
181	146 Johannesburg Way		Tamaulipas	330	54132	953689007081	2006-02-15T04:45:30Z
182	1891 Rizhao Boulevard		São Paulo	456	47288	391065549876	2006-02-15T04:45:30Z
183	1089 Iwatsuki Avenue		Kirov	270	35109	866092335135	2006-02-15T04:45:30Z
184	1410 Benin City Parkway		Risaralda	405	29747	104150372603	2006-02-15T04:45:30Z
185	682 Garden Grove Place		Tennessee	333	67497	72136330362	2006-02-15T04:45:30Z
186	533 al-Ayn Boulevard		California	126	8862	662227486184	2006-02-15T04:45:30Z
187	1839 Székesfehérvár Parkway		Gois	317	55709	947468818183	2006-02-15T04:45:30Z
188	741 Ambattur Manor		Noord-Brabant	438	43310	302590383819	2006-02-15T04:45:30Z
189	927 Barcelona Street		Chaharmahal va Bakht	467	65121	951486492670	2006-02-15T04:45:30Z
190	435 0 Way		West Bengali	195	74750	760171523969	2006-02-15T04:45:30Z
191	140 Chiayi Parkway		Sumy	506	38982	855863906434	2006-02-15T04:45:30Z
192	1166 Changhwa Street		Caraga	62	58852	650752094490	2006-02-15T04:45:30Z
193	891 Novi Sad Manor		Ontario	383	5379	247646995453	2006-02-15T04:45:30Z
194	605 Rio Claro Parkway		Tabora	513	49348	352469351088	2006-02-15T04:45:30Z
195	1077 San Felipe de Puerto Plata Place		Rostov-na-Donu	369	65387	812824036424	2006-02-15T04:45:30Z
196	9 San Miguel de Tucumán Manor		Uttar Pradesh	169	90845	956188728558	2006-02-15T04:45:30Z
197	447 Surakarta Loop		Nyanza	271	10428	940830176580	2006-02-15T04:45:30Z
198	345 Oshawa Boulevard		Tokyo-to	204	32114	104491201771	2006-02-15T04:45:30Z
199	1792 Valle de la Pascua Place		Nordrhein-Westfalen	477	15540	419419591240	2006-02-15T04:45:30Z
200	1074 Binzhou Manor		Baden-Wrttemberg	325	36490	331132568928	2006-02-15T04:45:30Z
201	817 Bradford Loop		Ji´angsu	109	89459	264286442804	2006-02-15T04:45:30Z
202	955 Bamenda Way		Ondo & Ekiti	218	1545	768481779568	2006-02-15T04:45:30Z
203	1149 A Coruña (La Coruña) Boulevard		Haiphong	194	95824	470884141195	2006-02-15T04:45:30Z
204	387 Mwene-Ditu Drive		Ahal	35	8073	764477681869	2006-02-15T04:45:30Z
205	68 Molodetšno Manor		Nordrhein-Westfalen	575	4662	146640639760	2006-02-15T04:45:30Z
206	642 Nador Drive		Maharashtra	77	3924	369050085652	2006-02-15T04:45:30Z
207	1688 Nador Lane		Sulawesi Utara	184	61613	652218196731	2006-02-15T04:45:30Z
208	1215 Pyongyang Parkway		Usak	557	25238	646237101779	2006-02-15T04:45:30Z
209	1679 Antofagasta Street		Alto Paran	122	86599	905903574913	2006-02-15T04:45:30Z
210	1304 ´s-Hertogenbosch Way		Santa Catarina	83	10925	90336226227	2006-02-15T04:45:30Z
211	850 Salala Loop		Kitaa	371	10800	403404780639	2006-02-15T04:45:30Z
212	624 Oshawa Boulevard		West Bengali	51	89959	49677664184	2006-02-15T04:45:30Z
213	43 Dadu Avenue		Rajasthan	74	4855	95666951770	2006-02-15T04:45:30Z
214	751 Lima Loop		Aden	7	99405	756460337785	2006-02-15T04:45:30Z
215	1333 Haldia Street		Jilin	174	82161	408304391718	2006-02-15T04:45:30Z
216	660 Jedda Boulevard		Washington	65	25053	168758068397	2006-02-15T04:45:30Z
217	1001 Miyakonojo Lane		Taizz	518	67924	584316724815	2006-02-15T04:45:30Z
218	226 Brest Manor		California	508	2299	785881412500	2006-02-15T04:45:30Z
219	1229 Valencia Parkway		Haskovo	498	99124	352679173732	2006-02-15T04:45:30Z
220	1201 Qomsheh Manor		Gois	28	21464	873492228462	2006-02-15T04:45:30Z
221	866 Shivapuri Manor		Uttar Pradesh	448	22474	778502731092	2006-02-15T04:45:30Z
222	1168 Najafabad Parkway		Kabol	251	40301	886649065861	2006-02-15T04:45:30Z
223	1244 Allappuzha (Alleppey) Place		Buenos Aires	567	20657	991802825778	2006-02-15T04:45:30Z
224	1842 Luziânia Boulevard		Zanzibar West	593	94420	706878974831	2006-02-15T04:45:30Z
225	1926 Gingoog Street		Sisilia	511	22824	469738825391	2006-02-15T04:45:30Z
226	810 Palghat (Palakkad) Boulevard		Jaroslavl	235	73431	516331171356	2006-02-15T04:45:30Z
227	1820 Maringá Parkway		Punjab	324	88307	99760893676	2006-02-15T04:45:30Z
228	60 Poços de Caldas Street		Rajasthan	243	82338	963063788669	2006-02-15T04:45:30Z
229	1014 Loja Manor		Tamil Nadu	22	66851	460795526514	2006-02-15T04:45:30Z
230	201 Effon-Alaiye Way		Asunción	37	64344	684192903087	2006-02-15T04:45:30Z
231	430 Alessandria Loop		Saarland	439	47446	669828224459	2006-02-15T04:45:30Z
232	754 Valencia Place		Phnom Penh	406	87911	594319417514	2006-02-15T04:45:30Z
233	356 Olomouc Manor		Gois	26	93323	22326410776	2006-02-15T04:45:30Z
234	1256 Bislig Boulevard		Botosani	86	50598	479007229460	2006-02-15T04:45:30Z
235	954 Kimchon Place		West Bengali	559	42420	541327526474	2006-02-15T04:45:30Z
236	885 Yingkou Manor		Kaduna	596	31390	588964509072	2006-02-15T04:45:30Z
237	1736 Cavite Place		Qina	216	98775	431770603551	2006-02-15T04:45:30Z
238	346 Skikda Parkway		Hawalli	233	90628	630424482919	2006-02-15T04:45:30Z
239	98 Stara Zagora Boulevard		Valle	96	76448	610173756082	2006-02-15T04:45:30Z
240	1479 Rustenburg Boulevard		Southern Tagalog	527	18727	727785483194	2006-02-15T04:45:30Z
241	647 A Coruña (La Coruña) Street		Chollanam	357	36971	792557457753	2006-02-15T04:45:30Z
242	1964 Gijón Manor		Karnataka	473	14408	918119601885	2006-02-15T04:45:30Z
243	47 Syktyvkar Lane		West Java	118	22236	63937119031	2006-02-15T04:45:30Z
244	1148 Saarbrücken Parkway		Fukushima	226	1921	137773001988	2006-02-15T04:45:30Z
245	1103 Bilbays Parkway		Hubei	578	87660	279979529227	2006-02-15T04:45:30Z
246	1246 Boksburg Parkway		Hebei	422	28349	890283544295	2006-02-15T04:45:30Z
247	1483 Pathankot Street		Tucumn	454	37288	686015532180	2006-02-15T04:45:30Z
248	582 Papeete Loop		Central Visayas	294	27722	569868543137	2006-02-15T04:45:30Z
249	300 Junan Street		Kyonggi	553	81314	890289150158	2006-02-15T04:45:30Z
250	829 Grand Prairie Way		Paraná	328	6461	741070712873	2006-02-15T04:45:30Z
251	1473 Changhwa Parkway		Mxico	124	75933	266798132374	2006-02-15T04:45:30Z
252	1309 Weifang Street		Florida	520	57338	435785045362	2006-02-15T04:45:30Z
253	1760 Oshawa Manor		Tianjin	535	38140	56257502250	2006-02-15T04:45:30Z
254	786 Stara Zagora Way		Oyo & Osun	390	98332	716256596301	2006-02-15T04:45:30Z
255	1966 Tonghae Street		Anhalt Sachsen	198	36481	567359279425	2006-02-15T04:45:30Z
256	1497 Yuzhou Drive		England	312	3433	246810237916	2006-02-15T04:45:30Z
258	752 Ondo Loop		Miyazaki	338	32474	134673576619	2006-02-15T04:45:30Z
259	1338 Zalantun Lane		Minas Gerais	413	45403	840522972766	2006-02-15T04:45:30Z
260	127 Iwakuni Boulevard		Central Luzon	192	20777	987442542471	2006-02-15T04:45:30Z
261	51 Laredo Avenue		Sagaing	342	68146	884536620568	2006-02-15T04:45:30Z
262	771 Yaoundé Manor		Sofala	64	86768	245477603573	2006-02-15T04:45:30Z
263	532 Toulon Street		Santiago	460	69517	46871694740	2006-02-15T04:45:30Z
264	1027 Banjul Place		West Bengali	197	50390	538241037443	2006-02-15T04:45:30Z
265	1158 Mandi Bahauddin Parkway		Shanxi	136	98484	276555730211	2006-02-15T04:45:30Z
266	862 Xintai Lane		Cagayan Valley	548	30065	265153400632	2006-02-15T04:45:30Z
267	816 Cayenne Parkway		Manab	414	93629	282874611748	2006-02-15T04:45:30Z
268	1831 Nam Dinh Loop		National Capital Reg	323	51990	322888976727	2006-02-15T04:45:30Z
269	446 Kirovo-Tšepetsk Lane		Osaka	203	19428	303967439816	2006-02-15T04:45:30Z
270	682 Halisahar Place		Severn Morava	378	20536	475553436330	2006-02-15T04:45:30Z
271	1587 Loja Manor		Salzburg	447	5410	621625204422	2006-02-15T04:45:30Z
272	1762 Paarl Parkway		Hunan	298	53928	192459639410	2006-02-15T04:45:30Z
273	1519 Ilorin Place		Kerala	395	49298	357445645426	2006-02-15T04:45:30Z
274	920 Kumbakonam Loop		California	446	75090	685010736240	2006-02-15T04:45:30Z
275	906 Goiânia Way		Wielkopolskie	255	83565	701767622697	2006-02-15T04:45:30Z
276	1675 Xi´angfan Manor		Tamil Nadu	283	11763	271149517630	2006-02-15T04:45:30Z
277	85 San Felipe de Puerto Plata Drive		Shandong	584	46063	170739645687	2006-02-15T04:45:30Z
278	144 South Hill Loop		Guanajuato	445	2012	45387294817	2006-02-15T04:45:30Z
279	1884 Shikarpur Avenue		Haryana	263	85548	959949395183	2006-02-15T04:45:30Z
280	1980 Kamjanets-Podilskyi Street		Illinois	404	89502	874337098891	2006-02-15T04:45:30Z
281	1944 Bamenda Way		Michigan	573	24645	75975221996	2006-02-15T04:45:30Z
282	556 Baybay Manor		Oyo & Osun	374	55802	363982224739	2006-02-15T04:45:30Z
283	457 Tongliao Loop		Bursa	222	56254	880756161823	2006-02-15T04:45:30Z
284	600 Bradford Street		East Azerbaidzan	514	96204	117592274996	2006-02-15T04:45:30Z
285	1006 Santa Bárbara d´Oeste Manor		Ondo & Ekiti	389	36229	85059738746	2006-02-15T04:45:30Z
286	1308 Sumy Loop		Fujian	175	30657	583021225407	2006-02-15T04:45:30Z
287	1405 Chisinau Place		Ponce	411	8160	62781725285	2006-02-15T04:45:30Z
288	226 Halifax Street		Xinxiang	277	58492	790651020929	2006-02-15T04:45:30Z
289	1279 Udine Parkway		Edo & Delta	69	75860	195003555232	2006-02-15T04:45:30Z
290	1336 Benin City Drive		Shiga	386	46044	341242939532	2006-02-15T04:45:30Z
291	1155 Liaocheng Place		Oyo & Osun	152	22650	558236142492	2006-02-15T04:45:30Z
292	1993 Tabuk Lane		Tamil Nadu	522	64221	648482415405	2006-02-15T04:45:30Z
293	86 Higashiosaka Lane		Guanajuato	563	33768	957128697225	2006-02-15T04:45:30Z
294	1912 Allende Manor		Kowloon and New Kowl	279	58124	172262454487	2006-02-15T04:45:30Z
295	544 Tarsus Boulevard		Gurico	562	53145	892523334	2006-02-15T04:45:30Z
296	1936 Cumaná Avenue		Virginia	433	61195	976798660411	2006-02-15T04:45:30Z
297	1192 Tongliao Street		Sharja	470	19065	350970907017	2006-02-15T04:45:30Z
298	44 Najafabad Way		Baskimaa	146	61391	96604821070	2006-02-15T04:45:30Z
299	32 Pudukkottai Lane		Ohio	140	38834	967274728547	2006-02-15T04:45:30Z
300	661 Chisinau Lane		Pietari	274	8856	816436065431	2006-02-15T04:45:30Z
301	951 Stara Zagora Manor		Punjab	400	98573	429925609431	2006-02-15T04:45:30Z
302	922 Vila Velha Loop		Maharashtra	9	4085	510737228015	2006-02-15T04:45:30Z
303	898 Jining Lane		Pohjois-Pohjanmaa	387	40070	161643343536	2006-02-15T04:45:30Z
304	1635 Kuwana Boulevard		Hiroshima	205	52137	710603868323	2006-02-15T04:45:30Z
305	41 El Alto Parkway		Maharashtra	398	56883	51917807050	2006-02-15T04:45:30Z
306	1883 Maikop Lane		Kaliningrad	254	68469	96110042435	2006-02-15T04:45:30Z
307	1908 Gaziantep Place		Liaoning	536	58979	108053751300	2006-02-15T04:45:30Z
308	687 Alessandria Parkway		Sanaa	455	57587	407218522294	2006-02-15T04:45:30Z
309	827 Yuncheng Drive		Callao	99	79047	504434452842	2006-02-15T04:45:30Z
310	913 Coacalco de Berriozábal Loop		Texas	33	42141	262088367001	2006-02-15T04:45:30Z
311	715 São Bernardo do Campo Lane		Kedah	507	84804	181179321332	2006-02-15T04:45:30Z
312	1354 Siegen Street		Rio de Janeiro	25	80184	573441801529	2006-02-15T04:45:30Z
313	1191 Sungai Petani Boulevard		Missouri	262	9668	983259819766	2006-02-15T04:45:30Z
314	1224 Huejutla de Reyes Boulevard		Lombardia	91	70923	806016930576	2006-02-15T04:45:30Z
315	543 Bergamo Avenue		Minas Gerais	215	59686	103602195112	2006-02-15T04:45:30Z
316	746 Joliet Lane		Kursk	286	94878	688485191923	2006-02-15T04:45:30Z
317	780 Kimberley Way		Tabuk	515	17032	824396883951	2006-02-15T04:45:30Z
318	1774 Yaoundé Place		Hubei	166	91400	613124286867	2006-02-15T04:45:30Z
319	1957 Yantai Lane		São Paulo	490	59255	704948322302	2006-02-15T04:45:30Z
320	1542 Lubumbashi Boulevard		Tel Aviv	57	62472	508800331065	2006-02-15T04:45:30Z
321	651 Pathankot Loop		Maharashtra	336	59811	139378397418	2006-02-15T04:45:30Z
322	1359 Zhoushan Parkway		Streymoyar	545	29763	46568045367	2006-02-15T04:45:30Z
323	1769 Iwaki Lane		Kujawsko-Pomorskie	97	25787	556100547674	2006-02-15T04:45:30Z
324	1145 Vilnius Manor		Mxico	451	73170	674805712553	2006-02-15T04:45:30Z
325	1892 Nabereznyje Tšelny Lane		Tutuila	516	28396	478229987054	2006-02-15T04:45:30Z
326	470 Boksburg Street		Central	81	97960	908029859266	2006-02-15T04:45:30Z
327	1427 A Coruña (La Coruña) Place		Buenos Aires	45	85799	972574862516	2006-02-15T04:45:30Z
328	479 San Felipe del Progreso Avenue		Morelos	130	54949	869051782691	2006-02-15T04:45:30Z
329	867 Benin City Avenue		Henan	591	78543	168884817145	2006-02-15T04:45:30Z
330	981 Kumbakonam Place		Distrito Federal	89	87611	829116184079	2006-02-15T04:45:30Z
331	1016 Iwakuni Street		St George	269	49833	961370847344	2006-02-15T04:45:30Z
332	663 Bahía Blanca Parkway		Adana	5	33463	834418779292	2006-02-15T04:45:30Z
333	1860 Taguig Loop		West Java	119	59550	38158430589	2006-02-15T04:45:30Z
334	1816 Bydgoszcz Loop		Dhaka	234	64308	965273813662	2006-02-15T04:45:30Z
335	587 Benguela Manor		Illinois	42	91590	165450987037	2006-02-15T04:45:30Z
336	430 Kumbakonam Drive		Santa Fé	457	28814	105470691550	2006-02-15T04:45:30Z
337	1838 Tabriz Lane		Dhaka	143	1195	38988715447	2006-02-15T04:45:30Z
338	431 Székesfehérvár Avenue		Baki	48	57828	119501405123	2006-02-15T04:45:30Z
339	503 Sogamoso Loop		Sumqayit	505	49812	834626715837	2006-02-15T04:45:30Z
340	507 Smolensk Loop		Sousse	492	22971	80303246192	2006-02-15T04:45:30Z
341	1920 Weifang Avenue		Uttar Pradesh	427	15643	869507847714	2006-02-15T04:45:30Z
342	124 al-Manama Way		Hiroshima	382	52368	647899404952	2006-02-15T04:45:30Z
343	1443 Mardan Street		Western Cape	392	31483	231383037471	2006-02-15T04:45:30Z
344	1909 Benguela Lane		Henan	581	19913	624138001031	2006-02-15T04:45:30Z
345	68 Ponce Parkway		Hanoi	201	85926	870635127812	2006-02-15T04:45:30Z
346	1217 Konotop Avenue		Gelderland	151	504	718917251754	2006-02-15T04:45:30Z
347	1293 Nam Dinh Way		Roraima	84	71583	697656479977	2006-02-15T04:45:30Z
348	785 Vaduz Street		Baja California	335	36170	895616862749	2006-02-15T04:45:30Z
349	1516 Escobar Drive		Tongatapu	370	46069	64536069371	2006-02-15T04:45:30Z
350	1628 Nagareyama Lane		Central	453	60079	20064292617	2006-02-15T04:45:30Z
351	1157 Nyeri Loop		Adygea	320	56380	262744791493	2006-02-15T04:45:30Z
352	1673 Tangail Drive		Daugavpils	137	26857	627924259271	2006-02-15T04:45:30Z
353	381 Kabul Way		Taipei	209	87272	55477302294	2006-02-15T04:45:30Z
354	953 Hodeida Street		Southern Tagalog	221	18841	53912826864	2006-02-15T04:45:30Z
355	469 Nakhon Sawan Street		Tuvassia	531	58866	689199636560	2006-02-15T04:45:30Z
356	1378 Beira Loop		Krasnojarsk	597	40792	840957664136	2006-02-15T04:45:30Z
357	1641 Changhwa Place		Nord-Ouest	52	37636	256546485220	2006-02-15T04:45:30Z
358	1698 Southport Loop		Hidalgo	393	49009	754358349853	2006-02-15T04:45:30Z
359	519 Nyeri Manor		São Paulo	461	37650	764680915323	2006-02-15T04:45:30Z
360	619 Huánuco Avenue		Shimane	331	81508	142596392389	2006-02-15T04:45:30Z
361	45 Aparecida de Goiânia Place		Madhya Pradesh	464	7431	650496654258	2006-02-15T04:45:30Z
362	482 Kowloon and New Kowloon Manor		Bratislava	90	97056	738968474939	2006-02-15T04:45:30Z
363	604 Bern Place		Jharkhand	429	5373	620719383725	2006-02-15T04:45:30Z
364	1623 Kingstown Drive		Buenos Aires	20	91299	296394569728	2006-02-15T04:45:30Z
365	1009 Zanzibar Lane		Arecibo	32	64875	102396298916	2006-02-15T04:45:30Z
366	114 Jalib al-Shuyukh Manor		Centre	585	60440	845378657301	2006-02-15T04:45:30Z
367	1163 London Parkway		Par	66	6066	675120358494	2006-02-15T04:45:30Z
368	1658 Jastrzebie-Zdrój Loop		Central	372	96584	568367775448	2006-02-15T04:45:30Z
369	817 Laredo Avenue		Jalisco	188	77449	151249681135	2006-02-15T04:45:30Z
370	1565 Tangail Manor		Okinawa	377	45750	634445428822	2006-02-15T04:45:30Z
371	1912 Emeishan Drive		Balikesir	50	33050	99883471275	2006-02-15T04:45:30Z
372	230 Urawa Drive		Andhra Pradesh	8	2738	166898395731	2006-02-15T04:45:30Z
373	1922 Miraj Way		Esfahan	356	13203	320471479776	2006-02-15T04:45:30Z
374	433 Florencia Street		Chihuahua	250	91330	561729882725	2006-02-15T04:45:30Z
375	1049 Matamoros Parkway		Karnataka	191	69640	960505250340	2006-02-15T04:45:30Z
376	1061 Ede Avenue		Southern Tagalog	98	57810	333390595558	2006-02-15T04:45:30Z
377	154 Oshawa Manor		East Java	415	72771	440365973660	2006-02-15T04:45:30Z
378	1191 Tandil Drive		Southern Tagalog	523	6362	45554316010	2006-02-15T04:45:30Z
379	1133 Rizhao Avenue		Pernambuco	572	2800	600264533987	2006-02-15T04:45:30Z
380	1519 Santiago de los Caballeros Loop		East Kasai	348	22025	409315295763	2006-02-15T04:45:30Z
381	1618 Olomouc Manor		Kurgan	285	26385	96846695220	2006-02-15T04:45:30Z
382	220 Hidalgo Drive		Kermanshah	265	45298	342720754566	2006-02-15T04:45:30Z
383	686 Donostia-San Sebastián Lane		Guangdong	471	97390	71857599858	2006-02-15T04:45:30Z
384	97 Mogiljov Lane		Gujarat	73	89294	924815207181	2006-02-15T04:45:30Z
385	1642 Charlotte Amalie Drive		Slaskie	549	75442	821476736117	2006-02-15T04:45:30Z
386	1368 Maracaíbo Boulevard			493	32716	934352415130	2006-02-15T04:45:30Z
387	401 Sucre Boulevard		New Hampshire	322	25007	486395999608	2006-02-15T04:45:30Z
388	368 Huánuco Boulevard		Namibe	360	17165	106439158941	2006-02-15T04:45:30Z
389	500 Lincoln Parkway		Ji´angsu	210	95509	550306965159	2006-02-15T04:45:30Z
390	102 Chapra Drive		Ibaragi	521	14073	776031833752	2006-02-15T04:45:30Z
391	1793 Meixian Place		Hmelnytskyi	258	33535	619966287415	2006-02-15T04:45:30Z
392	514 Ife Way		Shaba	315	69973	900235712074	2006-02-15T04:45:30Z
393	717 Changzhou Lane		Southern Tagalog	104	21615	426255288071	2006-02-15T04:45:30Z
394	753 Ilorin Avenue		Sichuan	157	3656	464511145118	2006-02-15T04:45:30Z
395	1337 Mit Ghamr Avenue		Nakhon Sawan	358	29810	175283210378	2006-02-15T04:45:30Z
396	767 Pyongyang Drive		Osaka	229	83536	667736124769	2006-02-15T04:45:30Z
397	614 Pak Kret Street		Addis Abeba	6	27796	47808359842	2006-02-15T04:45:30Z
398	954 Lapu-Lapu Way		Moskova	278	8816	737229003916	2006-02-15T04:45:30Z
399	331 Bydgoszcz Parkway		Asturia	181	966	537374465982	2006-02-15T04:45:30Z
400	1152 Citrus Heights Manor		al-Qadarif	15	5239	765957414528	2006-02-15T04:45:30Z
401	168 Cianjur Manor		Saitama	228	73824	679095087143	2006-02-15T04:45:30Z
402	616 Hagonoy Avenue		Krasnojarsk	39	46043	604177838256	2006-02-15T04:45:30Z
403	1190 0 Place		Rio Grande do Sul	44	10417	841876514789	2006-02-15T04:45:30Z
404	734 Béchar Place		Punjab	375	30586	280578750435	2006-02-15T04:45:30Z
405	530 Lausanne Lane		Texas	135	11067	775235029633	2006-02-15T04:45:30Z
406	454 Patiala Lane		Fukushima	276	13496	794553031307	2006-02-15T04:45:30Z
407	1346 Mysore Drive		Bretagne	92	61507	516647474029	2006-02-15T04:45:30Z
408	990 Etawah Loop		Tamil Nadu	564	79940	206169448769	2006-02-15T04:45:30Z
409	1266 Laredo Parkway		Saitama	380	7664	1483365694	2006-02-15T04:45:30Z
410	88 Nagaon Manor		Buenos Aires	524	86868	779461480495	2006-02-15T04:45:30Z
411	264 Bhimavaram Manor		St Thomas	111	54749	302526949177	2006-02-15T04:45:30Z
412	1639 Saarbrücken Drive		North West	437	9827	328494873422	2006-02-15T04:45:30Z
413	692 Amroha Drive		Northern	230	35575	359478883004	2006-02-15T04:45:30Z
414	1936 Lapu-Lapu Parkway		Bauchi & Gombe	141	7122	653436985797	2006-02-15T04:45:30Z
415	432 Garden Grove Street		Ontario	430	65630	615964523510	2006-02-15T04:45:30Z
416	1445 Carmen Parkway		West Java	117	70809	598912394463	2006-02-15T04:45:30Z
417	791 Salinas Street		Punjab	208	40509	129953030512	2006-02-15T04:45:30Z
418	126 Acuña Parkway		West Bengali	71	58888	480039662421	2006-02-15T04:45:30Z
419	397 Sunnyvale Avenue		Guanajuato	19	55566	680851640676	2006-02-15T04:45:30Z
420	992 Klerksdorp Loop		Utrecht	23	33711	855290087237	2006-02-15T04:45:30Z
421	966 Arecibo Loop		Sind	134	94018	15273765306	2006-02-15T04:45:30Z
422	289 Santo André Manor		al-Sharqiya	16	72410	214976066017	2006-02-15T04:45:30Z
423	437 Chungho Drive		Puerto Plata	450	59489	491271355190	2006-02-15T04:45:30Z
424	1948 Bayugan Parkway		Bihar	264	60622	987306329957	2006-02-15T04:45:30Z
425	1866 al-Qatif Avenue		California	155	89420	546793516940	2006-02-15T04:45:30Z
426	1661 Abha Drive		Tamil Nadu	416	14400	270456873752	2006-02-15T04:45:30Z
427	1557 Cape Coral Parkway		Hubei	293	46875	368284120423	2006-02-15T04:45:30Z
428	1727 Matamoros Place		Sawhaj	465	78813	129673677866	2006-02-15T04:45:30Z
429	1269 Botosani Manor		Guangdong	468	47394	736517327853	2006-02-15T04:45:30Z
430	355 Vitória de Santo Antão Way		Oaxaca	452	81758	548003849552	2006-02-15T04:45:30Z
431	1596 Acuña Parkway		Jharkhand	418	70425	157133457169	2006-02-15T04:45:30Z
432	259 Ipoh Drive		São Paulo	189	64964	419009857119	2006-02-15T04:45:30Z
433	1823 Hoshiarpur Lane		Komi	510	33191	307133768620	2006-02-15T04:45:30Z
434	1404 Taguig Drive		Okayama	547	87212	572068624538	2006-02-15T04:45:30Z
435	740 Udaipur Lane		Nizni Novgorod	150	33505	497288595103	2006-02-15T04:45:30Z
436	287 Cuautla Boulevard		Chuquisaca	501	72736	82619513349	2006-02-15T04:45:30Z
437	1766 Almirante Brown Street		KwaZulu-Natal	364	63104	617567598243	2006-02-15T04:45:30Z
438	596 Huixquilucan Place		Nampula	351	65892	342709348083	2006-02-15T04:45:30Z
439	1351 Aparecida de Goiânia Parkway		Northern Mindanao	391	41775	959834530529	2006-02-15T04:45:30Z
440	722 Bradford Lane		Shandong	249	90920	746251338300	2006-02-15T04:45:30Z
441	983 Santa Fé Way		British Colombia	565	47472	145720452260	2006-02-15T04:45:30Z
442	1245 Ibirité Way		La Romana	290	40926	331888642162	2006-02-15T04:45:30Z
443	1836 Korla Parkway		Copperbelt	272	55405	689681677428	2006-02-15T04:45:30Z
444	231 Kaliningrad Place		Lombardia	70	57833	575081026569	2006-02-15T04:45:30Z
445	495 Bhimavaram Lane		Maharashtra	144	3	82088937724	2006-02-15T04:45:30Z
446	1924 Shimonoseki Drive		Batna	59	52625	406784385440	2006-02-15T04:45:30Z
447	105 Dzerzinsk Manor		Inner Mongolia	540	48570	240776414296	2006-02-15T04:45:30Z
448	614 Denizli Parkway		Rio Grande do Sul	486	29444	876491807547	2006-02-15T04:45:30Z
449	1289 Belém Boulevard		Tartumaa	530	88306	237368926031	2006-02-15T04:45:30Z
450	203 Tambaram Street		Buenos Aires	161	73942	411549550611	2006-02-15T04:45:30Z
451	1704 Tambaram Manor		West Bengali	554	2834	39463554936	2006-02-15T04:45:30Z
452	207 Cuernavaca Loop		Tatarstan	352	52671	782900030287	2006-02-15T04:45:30Z
453	319 Springs Loop		Baijeri	160	99552	72524459905	2006-02-15T04:45:30Z
454	956 Nam Dinh Manor		Kerman	481	21872	474047727727	2006-02-15T04:45:30Z
455	1947 Paarl Way		Central Java	509	23636	834061016202	2006-02-15T04:45:30Z
456	814 Simferopol Loop		Sinaloa	154	48745	524567129902	2006-02-15T04:45:30Z
457	535 Ahmadnagar Manor		Abu Dhabi	3	41136	985109775584	2006-02-15T04:45:30Z
458	138 Caracas Boulevard		Zulia	326	16790	974433019532	2006-02-15T04:45:30Z
459	251 Florencia Drive		Michoacn de Ocampo	556	16119	118011831565	2006-02-15T04:45:30Z
460	659 Gatineau Boulevard		La Paz	153	28587	205524798287	2006-02-15T04:45:30Z
461	1889 Valparai Way		Ziguinchor	600	75559	670370974122	2006-02-15T04:45:30Z
462	1485 Bratislava Place		Illinois	435	83183	924663855568	2006-02-15T04:45:30Z
463	935 Aden Boulevard		Central Java	532	64709	335052544020	2006-02-15T04:45:30Z
464	76 Kermanshah Manor		Esfahan	423	23343	762361821578	2006-02-15T04:45:30Z
465	734 Tanshui Avenue		Caquet	170	70664	366776723320	2006-02-15T04:45:30Z
466	118 Jaffna Loop		Northern Mindanao	182	10447	325526730021	2006-02-15T04:45:30Z
467	1621 Tongliao Avenue		Irkutsk	558	22173	209342540247	2006-02-15T04:45:30Z
468	1844 Usak Avenue		Nova Scotia	196	84461	164414772677	2006-02-15T04:45:30Z
469	1872 Toulon Loop		OHiggins	428	7939	928809465153	2006-02-15T04:45:30Z
470	1088 Ibirité Place		Jalisco	595	88502	49084281333	2006-02-15T04:45:30Z
471	1322 Mosul Parkway		Shandong	145	95400	268053970382	2006-02-15T04:45:30Z
472	1447 Chatsworth Place		Chihuahua	129	41545	769370126331	2006-02-15T04:45:30Z
473	1257 Guadalajara Street		Karnataka	78	33599	195337700615	2006-02-15T04:45:30Z
474	1469 Plock Lane		Galicia	388	95835	622884741180	2006-02-15T04:45:30Z
475	434 Ourense (Orense) Manor		Hodeida	206	14122	562370137426	2006-02-15T04:45:30Z
476	270 Tambaram Parkway		Gauteng	244	9668	248446668735	2006-02-15T04:45:30Z
477	1786 Salinas Place		Nam Ha	359	66546	206060652238	2006-02-15T04:45:30Z
478	1078 Stara Zagora Drive		Aceh	301	69221	932992626595	2006-02-15T04:45:30Z
479	1854 Okara Boulevard		Drenthe	158	42123	131912793873	2006-02-15T04:45:30Z
480	421 Yaoundé Street		Sumy	385	11363	726875628268	2006-02-15T04:45:30Z
481	1153 Allende Way		Québec	179	20336	856872225376	2006-02-15T04:45:30Z
482	808 Naçala-Porto Parkway		England	500	41060	553452430707	2006-02-15T04:45:30Z
483	632 Usolje-Sibirskoje Parkway		Ha Darom	36	73085	667648979883	2006-02-15T04:45:30Z
484	98 Pyongyang Boulevard		Ohio	11	88749	191958435142	2006-02-15T04:45:30Z
485	984 Novotšerkassk Loop		Gaziantep	180	28165	435118527255	2006-02-15T04:45:30Z
486	64 Korla Street		Mwanza	347	25145	510383179153	2006-02-15T04:45:30Z
487	1785 São Bernardo do Campo Street		Veracruz	125	71182	684529463244	2006-02-15T04:45:30Z
488	698 Jelets Boulevard		Denizli	142	2596	975185523021	2006-02-15T04:45:30Z
489	1297 Alvorada Parkway		Ningxia	587	11839	508348602835	2006-02-15T04:45:30Z
490	1909 Dayton Avenue		Guangdong	469	88513	702955450528	2006-02-15T04:45:30Z
491	1789 Saint-Denis Parkway		Coahuila de Zaragoza	4	8268	936806643983	2006-02-15T04:45:30Z
492	185 Mannheim Lane		Stavropol	408	23661	589377568313	2006-02-15T04:45:30Z
493	184 Mandaluyong Street		Baja California Sur	288	94239	488425406814	2006-02-15T04:45:30Z
494	591 Sungai Petani Drive		Okayama	376	46400	37247325001	2006-02-15T04:45:30Z
495	656 Matamoros Drive		Boyac	487	19489	17305839123	2006-02-15T04:45:30Z
496	775 Šostka Drive		al-Daqahliya	337	22358	171973024401	2006-02-15T04:45:30Z
497	1013 Tabuk Boulevard		West Bengali	261	96203	158399646978	2006-02-15T04:45:30Z
498	319 Plock Parkway		Istanbul	504	26101	854259976812	2006-02-15T04:45:30Z
499	1954 Kowloon and New Kowloon Way		Chimborazo	434	63667	898559280434	2006-02-15T04:45:30Z
500	362 Rajkot Lane		Gansu	47	98030	962020153680	2006-02-15T04:45:30Z
501	1060 Tandil Lane		Shandong	432	72349	211256301880	2006-02-15T04:45:30Z
502	1515 Korla Way		England	589	57197	959467760895	2006-02-15T04:45:30Z
503	1416 San Juan Bautista Tuxtepec Avenue		Zufar	444	50592	144206758053	2006-02-15T04:45:30Z
504	1 Valle de Santiago Avenue		Apulia	93	86208	465897838272	2006-02-15T04:45:30Z
505	519 Brescia Parkway		East Java	318	69504	793996678771	2006-02-15T04:45:30Z
506	414 Mandaluyong Street		Lubelskie	314	16370	52709222667	2006-02-15T04:45:30Z
507	1197 Sokoto Boulevard		West Bengali	478	87687	868602816371	2006-02-15T04:45:30Z
508	496 Celaya Drive		Nagano	552	90797	759586584889	2006-02-15T04:45:30Z
509	786 Matsue Way		Illinois	245	37469	111177206479	2006-02-15T04:45:30Z
510	48 Maracaíbo Place		Central Luzon	519	1570	82671830126	2006-02-15T04:45:30Z
511	1152 al-Qatif Lane		Kalimantan Barat	412	44816	131370665218	2006-02-15T04:45:30Z
512	1269 Ipoh Avenue		Eskisehir	163	54674	402630109080	2006-02-15T04:45:30Z
513	758 Korolev Parkway		Andhra Pradesh	568	75474	441628280920	2006-02-15T04:45:30Z
514	1747 Rustenburg Place		Bihar	110	51369	442673923363	2006-02-15T04:45:30Z
515	886 Tonghae Place		Volgograd	259	19450	711928348157	2006-02-15T04:45:30Z
516	1574 Goiânia Boulevard		Heilongjiang	502	39529	59634255214	2006-02-15T04:45:30Z
517	548 Uruapan Street		Ontario	312	35653	879347453467	2006-02-15T04:45:30Z
519	962 Tama Loop			583	65952	282667506728	2006-02-15T04:45:30Z
520	1778 Gijón Manor		Hubei	594	35156	288910576761	2006-02-15T04:45:30Z
521	568 Dhule (Dhulia) Loop		Coquimbo	127	92568	602101369463	2006-02-15T04:45:30Z
522	1768 Udine Loop		Battambang	60	32347	448876499197	2006-02-15T04:45:30Z
523	608 Birgunj Parkway		Taipei	116	400	627425618482	2006-02-15T04:45:30Z
524	680 A Coruña (La Coruña) Manor		Sivas	482	49806	158326114853	2006-02-15T04:45:30Z
525	1949 Sanya Street		Gumma	224	61244	132100972047	2006-02-15T04:45:30Z
526	617 Klerksdorp Place		Khanh Hoa	366	94707	574973479129	2006-02-15T04:45:30Z
527	1993 0 Loop		Liaoning	588	41214	25865528181	2006-02-15T04:45:30Z
528	1176 Southend-on-Sea Manor		Southern Tagalog	458	81651	236679267178	2006-02-15T04:45:30Z
529	600 Purnea (Purnia) Avenue		Nghe An	571	18043	638409958875	2006-02-15T04:45:30Z
530	1003 Qinhuangdao Street		West Java	419	25972	35533115997	2006-02-15T04:45:30Z
531	1986 Sivas Place		Friuli-Venezia Giuli	551	95775	182059202712	2006-02-15T04:45:30Z
532	1427 Tabuk Place		Florida	101	31342	214756839122	2006-02-15T04:45:30Z
533	556 Asunción Way		Mogiljov	339	35364	338244023543	2006-02-15T04:45:30Z
534	486 Ondo Parkway		Benguela	67	35202	105882218332	2006-02-15T04:45:30Z
535	635 Brest Manor		Andhra Pradesh	75	40899	80593242951	2006-02-15T04:45:30Z
536	166 Jinchang Street		Buenos Aires	165	86760	717566026669	2006-02-15T04:45:30Z
537	958 Sagamihara Lane		Mie	287	88408	427274926505	2006-02-15T04:45:30Z
538	1817 Livorno Way		Khanh Hoa	100	79401	478380208348	2006-02-15T04:45:30Z
539	1332 Gaziantep Lane		Shandong	80	22813	383353187467	2006-02-15T04:45:30Z
540	949 Allende Lane		Uttar Pradesh	24	67521	122981120653	2006-02-15T04:45:30Z
541	195 Ilorin Street		Chari-Baguirmi	363	49250	8912935608	2006-02-15T04:45:30Z
542	193 Bhusawal Place		Kang-won	539	9750	745267607502	2006-02-15T04:45:30Z
543	43 Vilnius Manor		Colorado	42	79814	484500282381	2006-02-15T04:45:30Z
544	183 Haiphong Street		Jilin	46	69953	488600270038	2006-02-15T04:45:30Z
545	163 Augusta-Richmond County Loop		Carabobo	561	33030	754579047924	2006-02-15T04:45:30Z
546	191 José Azueta Parkway		Ruse	436	13629	932156667696	2006-02-15T04:45:30Z
547	379 Lublin Parkway		Toscana	309	74568	921960450089	2006-02-15T04:45:30Z
548	1658 Cumaná Loop		Sumatera Selatan	396	51309	784907335610	2006-02-15T04:45:30Z
549	454 Qinhuangdao Drive		Tadla-Azilal	68	25866	786270036240	2006-02-15T04:45:30Z
550	1715 Okayama Street		São Paulo	485	55676	169352919175	2006-02-15T04:45:30Z
551	182 Nuku´alofa Drive		Sumy	275	15414	426346224043	2006-02-15T04:45:30Z
552	390 Wroclaw Way		Hainan	462	5753	357593328658	2006-02-15T04:45:30Z
553	1421 Quilmes Lane		Ishikawa	260	19151	135407755975	2006-02-15T04:45:30Z
554	947 Tórshavn Place		Central Luzon	528	841	50898428626	2006-02-15T04:45:30Z
555	1764 Jalib al-Shuyukh Parkway		Galicia	459	77642	84794532510	2006-02-15T04:45:30Z
556	346 Cam Ranh Avenue		Zhejiang	599	39976	978430786151	2006-02-15T04:45:30Z
557	1407 Pachuca de Soto Place		Rio Grande do Sul	21	26284	380077794770	2006-02-15T04:45:30Z
558	904 Clarksville Drive		Zhejiang	193	52234	955349440539	2006-02-15T04:45:30Z
559	1917 Kumbakonam Parkway		Vojvodina	368	11892	698182547686	2006-02-15T04:45:30Z
560	1447 Imus Place		Gujarat	426	12905	62127829280	2006-02-15T04:45:30Z
561	1497 Fengshan Drive		KwaZulu-Natal	112	63022	368738360376	2006-02-15T04:45:30Z
562	869 Shikarpur Way		England	496	57380	590764256785	2006-02-15T04:45:30Z
563	1059 Yuncheng Avenue		Vilna	570	47498	107092893983	2006-02-15T04:45:30Z
564	505 Madiun Boulevard		Dolnoslaskie	577	97271	970638808606	2006-02-15T04:45:30Z
565	1741 Hoshiarpur Boulevard		al-Sharqiya	79	22372	855066328617	2006-02-15T04:45:30Z
566	1229 Varanasi (Benares) Manor		Buenos Aires	43	40195	817740355461	2006-02-15T04:45:30Z
567	1894 Boa Vista Way		Texas	178	77464	239357986667	2006-02-15T04:45:30Z
568	1342 Sharja Way		Sokoto & Kebbi & Zam	488	93655	946114054231	2006-02-15T04:45:30Z
569	1342 Abha Boulevard		Bukarest	95	10714	997453607116	2006-02-15T04:45:30Z
570	415 Pune Avenue		Shandong	580	44274	203202500108	2006-02-15T04:45:30Z
571	1746 Faaa Way		Huánuco	214	32515	863080561151	2006-02-15T04:45:30Z
572	539 Hami Way		Tokat	538	52196	525518075499	2006-02-15T04:45:30Z
573	1407 Surakarta Manor		Moskova	466	33224	324346485054	2006-02-15T04:45:30Z
574	502 Mandi Bahauddin Parkway		Anzotegui	55	15992	618156722572	2006-02-15T04:45:30Z
575	1052 Pathankot Avenue		Sichuan	299	77397	128499386727	2006-02-15T04:45:30Z
576	1351 Sousse Lane		Coahuila de Zaragoza	341	37815	203804046132	2006-02-15T04:45:30Z
577	1501 Pangkal Pinang Avenue		Mazowieckie	409	943	770864062795	2006-02-15T04:45:30Z
578	1405 Hagonoy Avenue		Slaskie	133	86587	867287719310	2006-02-15T04:45:30Z
579	521 San Juan Bautista Tuxtepec Place		Qaraghandy	598	95093	844018348565	2006-02-15T04:45:30Z
580	923 Tangail Boulevard		Tokyo-to	10	33384	315528269898	2006-02-15T04:45:30Z
581	186 Skikda Lane		Morelos	131	89422	14465669789	2006-02-15T04:45:30Z
582	1568 Celaya Parkway		Kaohsiung	168	34750	278669994384	2006-02-15T04:45:30Z
583	1489 Kakamigahara Lane		Taipei	526	98883	29341849811	2006-02-15T04:45:30Z
584	1819 Alessandria Loop		Campeche	103	53829	377633994405	2006-02-15T04:45:30Z
585	1208 Tama Loop		Ninawa	344	73605	954786054144	2006-02-15T04:45:30Z
586	951 Springs Lane		Central Mindanao	219	96115	165164761435	2006-02-15T04:45:30Z
587	760 Miyakonojo Drive		Guerrero	246	64682	294449058179	2006-02-15T04:45:30Z
588	966 Asunción Way		Hidalgo	212	62703	995527378381	2006-02-15T04:45:30Z
589	1584 Ljubertsy Lane		England	494	22954	285710089439	2006-02-15T04:45:30Z
590	247 Jining Parkway		Banjul	54	53446	170115379190	2006-02-15T04:45:30Z
591	773 Dallas Manor		Buenos Aires	424	12664	914466027044	2006-02-15T04:45:30Z
592	1923 Stara Zagora Lane		Nantou	546	95179	182178609211	2006-02-15T04:45:30Z
593	1402 Zanzibar Boulevard		Guanajuato	106	71102	387448063440	2006-02-15T04:45:30Z
594	1464 Kursk Parkway		Shandong	574	17381	338758048786	2006-02-15T04:45:30Z
595	1074 Sanaa Parkway		Loja	311	22474	154124128457	2006-02-15T04:45:30Z
596	1759 Niznekamsk Avenue		al-Manama	14	39414	864392582257	2006-02-15T04:45:30Z
597	32 Liaocheng Way		Minas Gerais	248	1944	410877354933	2006-02-15T04:45:30Z
598	42 Fontana Avenue		Fejr	512	14684	437829801725	2006-02-15T04:45:30Z
599	1895 Zhezqazghan Drive		California	177	36693	137809746111	2006-02-15T04:45:30Z
600	1837 Kaduna Parkway		Inner Mongolia	241	82580	640843562301	2006-02-15T04:45:30Z
601	844 Bucuresti Place		Liaoning	242	36603	935952366111	2006-02-15T04:45:30Z
602	1101 Bucuresti Boulevard		West Greece	401	97661	199514580428	2006-02-15T04:45:30Z
603	1103 Quilmes Boulevard		Piura	503	52137	644021380889	2006-02-15T04:45:30Z
604	1331 Usak Boulevard		Vaud	296	61960	145308717464	2006-02-15T04:45:30Z
605	1325 Fukuyama Street		Heilongjiang	537	27107	288241215394	2006-02-15T04:45:30Z
