1,6,2020-02-15T06:59:35Z
2,11,2020-02-15T06:59:35Z
3,6,2020-02-15T06:59:35Z
4,11,2020-02-15T06:59:35Z
5,8,2020-02-15T06:59:35Z
6,9,2020-02-15T06:59:35Z
7,5,2020-02-15T06:59:35Z
8,11,2020-02-15T06:59:35Z
9,11,2020-02-15T06:59:35Z
10,15,2020-02-15T06:59:35Z
11,9,2020-02-15T06:59:35Z
12,12,2020-02-15T06:59:35Z
13,11,2020-02-15T06:59:35Z
14,4,2020-02-15T06:59:35Z
15,9,2020-02-15T06:59:35Z
16,9,2020-02-15T06:59:35Z
17,12,2020-02-15T06:59:35Z
18,2,2020-02-15T06:59:35Z
19,1,2020-02-15T06:59:35Z
20,12,2020-02-15T06:59:35Z
21,1,2020-02-15T06:59:35Z
22,13,2020-02-15T06:59:35Z
23,2,2020-02-15T06:59:35Z
24,11,2020-02-15T06:59:35Z
25,13,2020-02-15T06:59:35Z
26,14,2020-02-15T06:59:35Z
27,15,2020-02-15T06:59:35Z
28,5,2020-02-15T06:59:35Z
29,1,2020-02-15T06:59:35Z
30,11,2020-02-15T06:59:35Z
31,8,2020-02-15T06:59:35Z
32,13,2020-02-15T06:59:35Z
33,7,2020-02-15T06:59:35Z
34,11,2020-02-15T06:59:35Z
35,11,2020-02-15T06:59:35Z
36,2,2020-02-15T06:59:35Z
37,4,2020-02-15T06:59:35Z
38,1,2020-02-15T06:59:35Z
39,14,2020-02-15T06:59:35Z
40,6,2020-02-15T06:59:35Z
41,16,2020-02-15T06:59:35Z
42,15,2020-02-15T06:59:35Z
43,8,2020-02-15T06:59:35Z
44,14,2020-02-15T06:59:35Z
45,13,2020-02-15T06:59:35Z
46,10,2020-02-15T06:59:35Z
47,9,2020-02-15T06:59:35Z
48,3,2020-02-15T06:59:35Z
49,14,2020-02-15T06:59:35Z
50,8,2020-02-15T06:59:35Z
51,12,2020-02-15T06:59:35Z
52,9,2020-02-15T06:59:35Z
53,8,2020-02-15T06:59:35Z
54,12,2020-02-15T06:59:35Z
55,14,2020-02-15T06:59:35Z
56,1,2020-02-15T06:59:35Z
57,16,2020-02-15T06:59:35Z
58,6,2020-02-15T06:59:35Z
59,3,2020-02-15T06:59:35Z
60,4,2020-02-15T06:59:35Z
61,7,2020-02-15T06:59:35Z
62,6,2020-02-15T06:59:35Z
63,8,2020-02-15T06:59:35Z
64,7,2020-02-15T06:59:35Z
65,11,2020-02-15T06:59:35Z
66,3,2020-02-15T06:59:35Z
67,1,2020-02-15T06:59:35Z
68,3,2020-02-15T06:59:35Z
69,14,2020-02-15T06:59:35Z
70,2,2020-02-15T06:59:35Z
71,8,2020-02-15T06:59:35Z
72,6,2020-02-15T06:59:35Z
73,14,2020-02-15T06:59:35Z
74,12,2020-02-15T06:59:35Z
75,16,2020-02-15T06:59:35Z
76,12,2020-02-15T06:59:35Z
77,13,2020-02-15T06:59:35Z
78,2,2020-02-15T06:59:35Z
79,7,2020-02-15T06:59:35Z
80,8,2020-02-15T06:59:35Z
81,14,2020-02-15T06:59:35Z
82,8,2020-02-15T06:59:35Z
83,8,2020-02-15T06:59:35Z
84,16,2020-02-15T06:59:35Z
85,6,2020-02-15T06:59:35Z
86,12,2020-02-15T06:59:35Z
87,16,2020-02-15T06:59:35Z
88,16,2020-02-15T06:59:35Z
89,2,2020-02-15T06:59:35Z
90,13,2020-02-15T06:59:35Z
91,4,2020-02-15T06:59:35Z
92,11,2020-02-15T06:59:35Z
93,13,2020-02-15T06:59:35Z
94,8,2020-02-15T06:59:35Z
95,13,2020-02-15T06:59:35Z
96,13,2020-02-15T06:59:35Z
97,1,2020-02-15T06:59:35Z
98,7,2020-02-15T06:59:35Z
99,5,2020-02-15T06:59:35Z
100,9,2020-02-15T06:59:35Z
101,6,2020-02-15T06:59:35Z
102,15,2020-02-15T06:59:35Z
103,16,2020-02-15T06:59:35Z
104,9,2020-02-15T06:59:35Z
105,1,2020-02-15T06:59:35Z
106,10,2020-02-15T06:59:35Z
107,7,2020-02-15T06:59:35Z
108,13,2020-02-15T06:59:35Z
109,13,2020-02-15T06:59:35Z
110,3,2020-02-15T06:59:35Z
111,1,2020-02-15T06:59:35Z
112,9,2020-02-15T06:59:35Z
113,15,2020-02-15T06:59:35Z
114,14,2020-02-15T06:59:35Z
115,1,2020-02-15T06:59:35Z
116,4,2020-02-15T06:59:35Z
117,10,2020-02-15T06:59:35Z
118,2,2020-02-15T06:59:35Z
119,5,2020-02-15T06:59:35Z
120,15,2020-02-15T06:59:35Z
121,2,2020-02-15T06:59:35Z
122,11,2020-02-15T06:59:35Z
123,16,2020-02-15T06:59:35Z
124,3,2020-02-15T06:59:35Z
125,16,2020-02-15T06:59:35Z
126,1,2020-02-15T06:59:35Z
127,5,2020-02-15T06:59:35Z
128,9,2020-02-15T06:59:35Z
129,6,2020-02-15T06:59:35Z
130,1,2020-02-15T06:59:35Z
131,4,2020-02-15T06:59:35Z
132,14,2020-02-15T06:59:35Z
133,12,2020-02-15T06:59:35Z
134,2,2020-02-15T06:59:35Z
135,15,2020-02-15T06:59:35Z
136,13,2020-02-15T06:59:35Z
137,14,2020-02-15T06:59:35Z
138,14,2020-02-15T06:59:35Z
139,8,2020-02-15T06:59:35Z
140,14,2020-02-15T06:59:35Z
141,10,2020-02-15T06:59:35Z
142,6,2020-02-15T06:59:35Z
143,7,2020-02-15T06:59:35Z
144,13,2020-02-15T06:59:35Z
145,8,2020-02-15T06:59:35Z
146,7,2020-02-15T06:59:35Z
147,8,2020-02-15T06:59:35Z
148,9,2020-02-15T06:59:35Z
149,3,2020-02-15T06:59:35Z
150,6,2020-02-15T06:59:35Z
151,14,2020-02-15T06:59:35Z
152,3,2020-02-15T06:59:35Z
153,14,2020-02-15T06:59:35Z
154,2,2020-02-15T06:59:35Z
155,13,2020-02-15T06:59:35Z
156,6,2020-02-15T06:59:35Z
157,3,2020-02-15T06:59:35Z
158,12,2020-02-15T06:59:35Z
159,5,2020-02-15T06:59:35Z
160,2,2020-02-15T06:59:35Z
161,12,2020-02-15T06:59:35Z
162,1,2020-02-15T06:59:35Z
163,13,2020-02-15T06:59:35Z
164,6,2020-02-15T06:59:35Z
165,14,2020-02-15T06:59:35Z
166,4,2020-02-15T06:59:35Z
167,16,2020-02-15T06:59:35Z
168,3,2020-02-15T06:59:35Z
169,16,2020-02-15T06:59:35Z
170,9,2020-02-15T06:59:35Z
171,11,2020-02-15T06:59:35Z
172,7,2020-02-15T06:59:35Z
173,7,2020-02-15T06:59:35Z
174,12,2020-02-15T06:59:35Z
175,8,2020-02-15T06:59:35Z
176,15,2020-02-15T06:59:35Z
177,14,2020-02-15T06:59:35Z
178,5,2020-02-15T06:59:35Z
179,7,2020-02-15T06:59:35Z
180,4,2020-02-15T06:59:35Z
181,16,2020-02-15T06:59:35Z
182,5,2020-02-15T06:59:35Z
183,8,2020-02-15T06:59:35Z
184,4,2020-02-15T06:59:35Z
185,9,2020-02-15T06:59:35Z
186,7,2020-02-15T06:59:35Z
187,15,2020-02-15T06:59:35Z
188,5,2020-02-15T06:59:35Z
189,10,2020-02-15T06:59:35Z
190,4,2020-02-15T06:59:35Z
191,3,2020-02-15T06:59:35Z
192,9,2020-02-15T06:59:35Z
193,2,2020-02-15T06:59:35Z
194,1,2020-02-15T06:59:35Z
195,14,2020-02-15T06:59:35Z
196,4,2020-02-15T06:59:35Z
197,15,2020-02-15T06:59:35Z
198,9,2020-02-15T06:59:35Z
199,6,2020-02-15T06:59:35Z
200,10,2020-02-15T06:59:35Z
201,9,2020-02-15T06:59:35Z
202,5,2020-02-15T06:59:35Z
203,14,2020-02-15T06:59:35Z
204,7,2020-02-15T06:59:35Z
205,1,2020-02-15T06:59:35Z
206,6,2020-02-15T06:59:35Z
207,9,2020-02-15T06:59:35Z
208,2,2020-02-15T06:59:35Z
209,7,2020-02-15T06:59:35Z
210,1,2020-02-15T06:59:35Z
211,10,2020-02-15T06:59:35Z
212,1,2020-02-15T06:59:35Z
213,8,2020-02-15T06:59:35Z
214,3,2020-02-15T06:59:35Z
215,10,2020-02-15T06:59:35Z
216,13,2020-02-15T06:59:35Z
217,10,2020-02-15T06:59:35Z
218,7,2020-02-15T06:59:35Z
219,6,2020-02-15T06:59:35Z
220,12,2020-02-15T06:59:35Z
221,6,2020-02-15T06:59:35Z
222,11,2020-02-15T06:59:35Z
223,2,2020-02-15T06:59:35Z
224,16,2020-02-15T06:59:35Z
225,7,2020-02-15T06:59:35Z
226,13,2020-02-15T06:59:35Z
227,10,2020-02-15T06:59:35Z
228,4,2020-02-15T06:59:35Z
229,1,2020-02-15T06:59:35Z
230,7,2020-02-15T06:59:35Z
231,8,2020-02-15T06:59:35Z
232,10,2020-02-15T06:59:35Z
233,16,2020-02-15T06:59:35Z
234,14,2020-02-15T06:59:35Z
235,14,2020-02-15T06:59:35Z
236,10,2020-02-15T06:59:35Z
237,15,2020-02-15T06:59:35Z
238,3,2020-02-15T06:59:35Z
239,2,2020-02-15T06:59:35Z
240,14,2020-02-15T06:59:35Z
241,2,2020-02-15T06:59:35Z
242,5,2020-02-15T06:59:35Z
243,2,2020-02-15T06:59:35Z
244,12,2020-02-15T06:59:35Z
245,2,2020-02-15T06:59:35Z
246,9,2020-02-15T06:59:35Z
247,5,2020-02-15T06:59:35Z
248,6,2020-02-15T06:59:35Z
249,4,2020-02-15T06:59:35Z
250,1,2020-02-15T06:59:35Z
251,13,2020-02-15T06:59:35Z
252,1,2020-02-15T06:59:35Z
253,1,2020-02-15T06:59:35Z
254,15,2020-02-15T06:59:35Z
255,12,2020-02-15T06:59:35Z
256,15,2020-02-15T06:59:35Z
257,16,2020-02-15T06:59:35Z
258,11,2020-02-15T06:59:35Z
259,2,2020-02-15T06:59:35Z
260,15,2020-02-15T06:59:35Z
261,6,2020-02-15T06:59:35Z
262,8,2020-02-15T06:59:35Z
263,15,2020-02-15T06:59:35Z
264,10,2020-02-15T06:59:35Z
265,5,2020-02-15T06:59:35Z
266,4,2020-02-15T06:59:35Z
267,13,2020-02-15T06:59:35Z
268,2,2020-02-15T06:59:35Z
269,8,2020-02-15T06:59:35Z
270,13,2020-02-15T06:59:35Z
271,1,2020-02-15T06:59:35Z
272,7,2020-02-15T06:59:35Z
273,8,2020-02-15T06:59:35Z
274,6,2020-02-15T06:59:35Z
275,11,2020-02-15T06:59:35Z
276,5,2020-02-15T06:59:35Z
277,11,2020-02-15T06:59:35Z
278,12,2020-02-15T06:59:35Z
279,15,2020-02-15T06:59:35Z
280,3,2020-02-15T06:59:35Z
281,10,2020-02-15T06:59:35Z
282,7,2020-02-15T06:59:35Z
283,13,2020-02-15T06:59:35Z
284,12,2020-02-15T06:59:35Z
285,14,2020-02-15T06:59:35Z
286,16,2020-02-15T06:59:35Z
287,1,2020-02-15T06:59:35Z
288,16,2020-02-15T06:59:35Z
289,13,2020-02-15T06:59:35Z
290,9,2020-02-15T06:59:35Z
291,15,2020-02-15T06:59:35Z
292,1,2020-02-15T06:59:35Z
293,15,2020-02-15T06:59:35Z
294,16,2020-02-15T06:59:35Z
295,6,2020-02-15T06:59:35Z
296,14,2020-02-15T06:59:35Z
297,4,2020-02-15T06:59:35Z
298,14,2020-02-15T06:59:35Z
299,16,2020-02-15T06:59:35Z
300,2,2020-02-15T06:59:35Z
301,11,2020-02-15T06:59:35Z
302,10,2020-02-15T06:59:35Z
303,1,2020-02-15T06:59:35Z
304,3,2020-02-15T06:59:35Z
305,13,2020-02-15T06:59:35Z
306,10,2020-02-15T06:59:35Z
307,16,2020-02-15T06:59:35Z
308,5,2020-02-15T06:59:35Z
309,8,2020-02-15T06:59:35Z
310,10,2020-02-15T06:59:35Z
311,9,2020-02-15T06:59:35Z
312,14,2020-02-15T06:59:35Z
313,11,2020-02-15T06:59:35Z
314,2,2020-02-15T06:59:35Z
315,8,2020-02-15T06:59:35Z
316,10,2020-02-15T06:59:35Z
317,5,2020-02-15T06:59:35Z
318,1,2020-02-15T06:59:35Z
319,14,2020-02-15T06:59:35Z
320,13,2020-02-15T06:59:35Z
321,13,2020-02-15T06:59:35Z
322,15,2020-02-15T06:59:35Z
323,15,2020-02-15T06:59:35Z
324,5,2020-02-15T06:59:35Z
325,2,2020-02-15T06:59:35Z
326,2,2020-02-15T06:59:35Z
327,1,2020-02-15T06:59:35Z
328,3,2020-02-15T06:59:35Z
329,1,2020-02-15T06:59:35Z
330,2,2020-02-15T06:59:35Z
331,10,2020-02-15T06:59:35Z
332,5,2020-02-15T06:59:35Z
333,12,2020-02-15T06:59:35Z
334,11,2020-02-15T06:59:35Z
335,5,2020-02-15T06:59:35Z
336,6,2020-02-15T06:59:35Z
337,9,2020-02-15T06:59:35Z
338,14,2020-02-15T06:59:35Z
339,16,2020-02-15T06:59:35Z
340,13,2020-02-15T06:59:35Z
341,4,2020-02-15T06:59:35Z
342,16,2020-02-15T06:59:35Z
343,3,2020-02-15T06:59:35Z
344,3,2020-02-15T06:59:35Z
345,8,2020-02-15T06:59:35Z
346,4,2020-02-15T06:59:35Z
347,16,2020-02-15T06:59:35Z
348,8,2020-02-15T06:59:35Z
349,2,2020-02-15T06:59:35Z
350,14,2020-02-15T06:59:35Z
351,11,2020-02-15T06:59:35Z
352,10,2020-02-15T06:59:35Z
353,9,2020-02-15T06:59:35Z
354,3,2020-02-15T06:59:35Z
355,2,2020-02-15T06:59:35Z
356,3,2020-02-15T06:59:35Z
357,4,2020-02-15T06:59:35Z
358,4,2020-02-15T06:59:35Z
359,8,2020-02-15T06:59:35Z
360,1,2020-02-15T06:59:35Z
361,15,2020-02-15T06:59:35Z
362,10,2020-02-15T06:59:35Z
363,12,2020-02-15T06:59:35Z
364,13,2020-02-15T06:59:35Z
365,5,2020-02-15T06:59:35Z
366,7,2020-02-15T06:59:35Z
367,14,2020-02-15T06:59:35Z
368,7,2020-02-15T06:59:35Z
369,14,2020-02-15T06:59:35Z
370,3,2020-02-15T06:59:35Z
371,1,2020-02-15T06:59:35Z
372,15,2020-02-15T06:59:35Z
373,3,2020-02-15T06:59:35Z
374,14,2020-02-15T06:59:35Z
375,1,2020-02-15T06:59:35Z
376,9,2020-02-15T06:59:35Z
377,8,2020-02-15T06:59:35Z
378,12,2020-02-15T06:59:35Z
379,7,2020-02-15T06:59:35Z
380,9,2020-02-15T06:59:35Z
381,10,2020-02-15T06:59:35Z
382,10,2020-02-15T06:59:35Z
383,15,2020-02-15T06:59:35Z
384,12,2020-02-15T06:59:35Z
385,5,2020-02-15T06:59:35Z
386,16,2020-02-15T06:59:35Z
387,10,2020-02-15T06:59:35Z
388,5,2020-02-15T06:59:35Z
389,15,2020-02-15T06:59:35Z
390,14,2020-02-15T06:59:35Z
391,8,2020-02-15T06:59:35Z
392,3,2020-02-15T06:59:35Z
393,6,2020-02-15T06:59:35Z
394,14,2020-02-15T06:59:35Z
395,1,2020-02-15T06:59:35Z
396,7,2020-02-15T06:59:35Z
397,14,2020-02-15T06:59:35Z
398,12,2020-02-15T06:59:35Z
399,9,2020-02-15T06:59:35Z
400,6,2020-02-15T06:59:35Z
401,7,2020-02-15T06:59:35Z
402,2,2020-02-15T06:59:35Z
403,7,2020-02-15T06:59:35Z
404,5,2020-02-15T06:59:35Z
405,16,2020-02-15T06:59:35Z
406,10,2020-02-15T06:59:35Z
407,6,2020-02-15T06:59:35Z
408,10,2020-02-15T06:59:35Z
409,3,2020-02-15T06:59:35Z
410,5,2020-02-15T06:59:35Z
411,12,2020-02-15T06:59:35Z
412,6,2020-02-15T06:59:35Z
413,5,2020-02-15T06:59:35Z
414,9,2020-02-15T06:59:35Z
415,11,2020-02-15T06:59:35Z
416,9,2020-02-15T06:59:35Z
417,1,2020-02-15T06:59:35Z
418,7,2020-02-15T06:59:35Z
419,8,2020-02-15T06:59:35Z
420,15,2020-02-15T06:59:35Z
421,9,2020-02-15T06:59:35Z
422,14,2020-02-15T06:59:35Z
423,3,2020-02-15T06:59:35Z
424,3,2020-02-15T06:59:35Z
425,4,2020-02-15T06:59:35Z
426,12,2020-02-15T06:59:35Z
427,6,2020-02-15T06:59:35Z
428,8,2020-02-15T06:59:35Z
429,15,2020-02-15T06:59:35Z
430,2,2020-02-15T06:59:35Z
431,9,2020-02-15T06:59:35Z
432,4,2020-02-15T06:59:35Z
433,2,2020-02-15T06:59:35Z
434,16,2020-02-15T06:59:35Z
435,9,2020-02-15T06:59:35Z
436,13,2020-02-15T06:59:35Z
437,8,2020-02-15T06:59:35Z
438,10,2020-02-15T06:59:35Z
439,7,2020-02-15T06:59:35Z
440,9,2020-02-15T06:59:35Z
441,6,2020-02-15T06:59:35Z
442,8,2020-02-15T06:59:35Z
443,5,2020-02-15T06:59:35Z
444,5,2020-02-15T06:59:35Z
445,4,2020-02-15T06:59:35Z
446,15,2020-02-15T06:59:35Z
447,10,2020-02-15T06:59:35Z
448,13,2020-02-15T06:59:35Z
449,14,2020-02-15T06:59:35Z
450,3,2020-02-15T06:59:35Z
451,16,2020-02-15T06:59:35Z
452,9,2020-02-15T06:59:35Z
453,15,2020-02-15T06:59:35Z
454,12,2020-02-15T06:59:35Z
455,9,2020-02-15T06:59:35Z
456,2,2020-02-15T06:59:35Z
457,6,2020-02-15T06:59:35Z
458,8,2020-02-15T06:59:35Z
459,9,2020-02-15T06:59:35Z
460,9,2020-02-15T06:59:35Z
461,2,2020-02-15T06:59:35Z
462,12,2020-02-15T06:59:35Z
463,15,2020-02-15T06:59:35Z
464,2,2020-02-15T06:59:35Z
465,13,2020-02-15T06:59:35Z
466,6,2020-02-15T06:59:35Z
467,9,2020-02-15T06:59:35Z
468,3,2020-02-15T06:59:35Z
469,4,2020-02-15T06:59:35Z
470,2,2020-02-15T06:59:35Z
471,4,2020-02-15T06:59:35Z
472,16,2020-02-15T06:59:35Z
473,7,2020-02-15T06:59:35Z
474,15,2020-02-15T06:59:35Z
475,11,2020-02-15T06:59:35Z
476,8,2020-02-15T06:59:35Z
477,12,2020-02-15T06:59:35Z
478,5,2020-02-15T06:59:35Z
479,8,2020-02-15T06:59:35Z
480,4,2020-02-15T06:59:35Z
481,13,2020-02-15T06:59:35Z
482,4,2020-02-15T06:59:35Z
483,10,2020-02-15T06:59:35Z
484,4,2020-02-15T06:59:35Z
485,3,2020-02-15T06:59:35Z
486,9,2020-02-15T06:59:35Z
487,4,2020-02-15T06:59:35Z
488,15,2020-02-15T06:59:35Z
489,2,2020-02-15T06:59:35Z
490,13,2020-02-15T06:59:35Z
491,3,2020-02-15T06:59:35Z
492,13,2020-02-15T06:59:35Z
493,9,2020-02-15T06:59:36Z
494,11,2020-02-15T06:59:36Z
495,11,2020-02-15T06:59:36Z
496,16,2020-02-15T06:59:36Z
497,6,2020-02-15T06:59:36Z
498,8,2020-02-15T06:59:36Z
499,8,2020-02-15T06:59:36Z
500,9,2020-02-15T06:59:36Z
501,1,2020-02-15T06:59:36Z
502,5,2020-02-15T06:59:36Z
503,15,2020-02-15T06:59:36Z
504,7,2020-02-15T06:59:36Z
505,3,2020-02-15T06:59:36Z
506,11,2020-02-15T06:59:36Z
507,10,2020-02-15T06:59:36Z
508,10,2020-02-15T06:59:36Z
509,3,2020-02-15T06:59:36Z
510,2,2020-02-15T06:59:36Z
511,1,2020-02-15T06:59:36Z
512,4,2020-02-15T06:59:36Z
513,16,2020-02-15T06:59:36Z
514,7,2020-02-15T06:59:36Z
515,3,2020-02-15T06:59:36Z
516,12,2020-02-15T06:59:36Z
517,15,2020-02-15T06:59:36Z
518,16,2020-02-15T06:59:36Z
519,15,2020-02-15T06:59:36Z
520,14,2020-02-15T06:59:36Z
521,7,2020-02-15T06:59:36Z
522,5,2020-02-15T06:59:36Z
523,4,2020-02-15T06:59:36Z
524,5,2020-02-15T06:59:36Z
525,4,2020-02-15T06:59:36Z
526,16,2020-02-15T06:59:36Z
527,11,2020-02-15T06:59:36Z
528,8,2020-02-15T06:59:36Z
529,5,2020-02-15T06:59:36Z
530,1,2020-02-15T06:59:36Z
531,9,2020-02-15T06:59:36Z
532,15,2020-02-15T06:59:36Z
533,9,2020-02-15T06:59:36Z
534,8,2020-02-15T06:59:36Z
535,11,2020-02-15T06:59:36Z
536,4,2020-02-15T06:59:36Z
537,4,2020-02-15T06:59:36Z
538,13,2020-02-15T06:59:36Z
539,7,2020-02-15T06:59:36Z
540,12,2020-02-15T06:59:36Z
541,2,2020-02-15T06:59:36Z
542,1,2020-02-15T06:59:36Z
543,16,2020-02-15T06:59:36Z
544,6,2020-02-15T06:59:36Z
545,9,2020-02-15T06:59:36Z
546,10,2020-02-15T06:59:36Z
547,3,2020-02-15T06:59:36Z
548,4,2020-02-15T06:59:36Z
549,1,2020-02-15T06:59:36Z
550,8,2020-02-15T06:59:36Z
551,13,2020-02-15T06:59:36Z
552,6,2020-02-15T06:59:36Z
553,3,2020-02-15T06:59:36Z
554,4,2020-02-15T06:59:36Z
555,5,2020-02-15T06:59:36Z
556,10,2020-02-15T06:59:36Z
557,8,2020-02-15T06:59:36Z
558,13,2020-02-15T06:59:36Z
559,14,2020-02-15T06:59:36Z
560,10,2020-02-15T06:59:36Z
561,13,2020-02-15T06:59:36Z
562,12,2020-02-15T06:59:36Z
563,10,2020-02-15T06:59:36Z
564,2,2020-02-15T06:59:36Z
565,9,2020-02-15T06:59:36Z
566,9,2020-02-15T06:59:36Z
567,9,2020-02-15T06:59:36Z
568,5,2020-02-15T06:59:36Z
569,2,2020-02-15T06:59:36Z
570,15,2020-02-15T06:59:36Z
571,6,2020-02-15T06:59:36Z
572,14,2020-02-15T06:59:36Z
573,3,2020-02-15T06:59:36Z
574,1,2020-02-15T06:59:36Z
575,6,2020-02-15T06:59:36Z
576,6,2020-02-15T06:59:36Z
577,15,2020-02-15T06:59:36Z
578,4,2020-02-15T06:59:36Z
579,1,2020-02-15T06:59:36Z
580,13,2020-02-15T06:59:36Z
581,12,2020-02-15T06:59:36Z
582,2,2020-02-15T06:59:36Z
583,2,2020-02-15T06:59:36Z
584,9,2020-02-15T06:59:36Z
585,7,2020-02-15T06:59:36Z
586,1,2020-02-15T06:59:36Z
587,6,2020-02-15T06:59:36Z
588,3,2020-02-15T06:59:36Z
589,6,2020-02-15T06:59:36Z
590,13,2020-02-15T06:59:36Z
591,10,2020-02-15T06:59:36Z
592,12,2020-02-15T06:59:36Z
593,11,2020-02-15T06:59:36Z
594,1,2020-02-15T06:59:36Z
595,9,2020-02-15T06:59:36Z
596,10,2020-02-15T06:59:36Z
597,10,2020-02-15T06:59:36Z
598,15,2020-02-15T06:59:36Z
599,15,2020-02-15T06:59:36Z
600,11,2020-02-15T06:59:36Z
601,16,2020-02-15T06:59:36Z
602,14,2020-02-15T06:59:36Z
603,8,2020-02-15T06:59:36Z
604,5,2020-02-15T06:59:36Z
605,9,2020-02-15T06:59:36Z
606,15,2020-02-15T06:59:36Z
607,9,2020-02-15T06:59:36Z
608,3,2020-02-15T06:59:36Z
609,16,2020-02-15T06:59:36Z
610,8,2020-02-15T06:59:36Z
611,4,2020-02-15T06:59:36Z
612,15,2020-02-15T06:59:36Z
613,5,2020-02-15T06:59:36Z
614,10,2020-02-15T06:59:36Z
615,2,2020-02-15T06:59:36Z
616,6,2020-02-15T06:59:36Z
617,8,2020-02-15T06:59:36Z
618,7,2020-02-15T06:59:36Z
619,15,2020-02-15T06:59:36Z
620,14,2020-02-15T06:59:36Z
621,8,2020-02-15T06:59:36Z
622,6,2020-02-15T06:59:36Z
623,9,2020-02-15T06:59:36Z
624,10,2020-02-15T06:59:36Z
625,14,2020-02-15T06:59:36Z
626,3,2020-02-15T06:59:36Z
627,6,2020-02-15T06:59:36Z
628,15,2020-02-15T06:59:36Z
629,6,2020-02-15T06:59:36Z
630,7,2020-02-15T06:59:36Z
631,15,2020-02-15T06:59:36Z
632,13,2020-02-15T06:59:36Z
633,4,2020-02-15T06:59:36Z
634,8,2020-02-15T06:59:36Z
635,13,2020-02-15T06:59:36Z
636,12,2020-02-15T06:59:36Z
637,14,2020-02-15T06:59:36Z
638,5,2020-02-15T06:59:36Z
639,8,2020-02-15T06:59:36Z
640,9,2020-02-15T06:59:36Z
641,9,2020-02-15T06:59:36Z
642,16,2020-02-15T06:59:36Z
643,7,2020-02-15T06:59:36Z
644,2,2020-02-15T06:59:36Z
645,16,2020-02-15T06:59:36Z
646,10,2020-02-15T06:59:36Z
647,12,2020-02-15T06:59:36Z
648,16,2020-02-15T06:59:36Z
649,2,2020-02-15T06:59:36Z
650,6,2020-02-15T06:59:36Z
651,2,2020-02-15T06:59:36Z
652,4,2020-02-15T06:59:36Z
653,11,2020-02-15T06:59:36Z
654,10,2020-02-15T06:59:36Z
655,14,2020-02-15T06:59:36Z
656,16,2020-02-15T06:59:36Z
657,5,2020-02-15T06:59:36Z
658,11,2020-02-15T06:59:36Z
659,1,2020-02-15T06:59:36Z
660,5,2020-02-15T06:59:36Z
661,9,2020-02-15T06:59:36Z
662,7,2020-02-15T06:59:36Z
663,4,2020-02-15T06:59:36Z
664,1,2020-02-15T06:59:36Z
665,11,2020-02-15T06:59:36Z
666,7,2020-02-15T06:59:36Z
667,15,2020-02-15T06:59:36Z
668,15,2020-02-15T06:59:36Z
669,9,2020-02-15T06:59:36Z
670,6,2020-02-15T06:59:36Z
671,15,2020-02-15T06:59:36Z
672,5,2020-02-15T06:59:36Z
673,12,2020-02-15T06:59:36Z
674,9,2020-02-15T06:59:36Z
675,13,2020-02-15T06:59:36Z
676,15,2020-02-15T06:59:36Z
677,13,2020-02-15T06:59:36Z
678,15,2020-02-15T06:59:36Z
679,8,2020-02-15T06:59:36Z
680,5,2020-02-15T06:59:36Z
681,15,2020-02-15T06:59:36Z
682,8,2020-02-15T06:59:36Z
683,7,2020-02-15T06:59:36Z
684,10,2020-02-15T06:59:36Z
685,13,2020-02-15T06:59:36Z
686,13,2020-02-15T06:59:36Z
687,6,2020-02-15T06:59:36Z
688,3,2020-02-15T06:59:36Z
689,9,2020-02-15T06:59:36Z
690,2,2020-02-15T06:59:36Z
691,15,2020-02-15T06:59:36Z
692,2,2020-02-15T06:59:36Z
693,2,2020-02-15T06:59:36Z
694,4,2020-02-15T06:59:36Z
695,8,2020-02-15T06:59:36Z
696,2,2020-02-15T06:59:36Z
697,1,2020-02-15T06:59:36Z
698,6,2020-02-15T06:59:36Z
699,10,2020-02-15T06:59:36Z
700,8,2020-02-15T06:59:36Z
701,10,2020-02-15T06:59:36Z
702,11,2020-02-15T06:59:36Z
703,2,2020-02-15T06:59:36Z
704,5,2020-02-15T06:59:36Z
705,9,2020-02-15T06:59:36Z
706,7,2020-02-15T06:59:36Z
707,1,2020-02-15T06:59:36Z
708,6,2020-02-15T06:59:36Z
709,7,2020-02-15T06:59:36Z
710,8,2020-02-15T06:59:36Z
711,14,2020-02-15T06:59:36Z
712,6,2020-02-15T06:59:36Z
713,6,2020-02-15T06:59:36Z
714,14,2020-02-15T06:59:36Z
715,8,2020-02-15T06:59:36Z
716,11,2020-02-15T06:59:36Z
717,1,2020-02-15T06:59:36Z
718,12,2020-02-15T06:59:36Z
719,15,2020-02-15T06:59:36Z
720,13,2020-02-15T06:59:36Z
721,12,2020-02-15T06:59:36Z
722,11,2020-02-15T06:59:36Z
723,14,2020-02-15T06:59:36Z
724,8,2020-02-15T06:59:36Z
725,4,2020-02-15T06:59:36Z
726,9,2020-02-15T06:59:36Z
727,8,2020-02-15T06:59:36Z
728,7,2020-02-15T06:59:36Z
729,15,2020-02-15T06:59:36Z
730,13,2020-02-15T06:59:36Z
731,4,2020-02-15T06:59:36Z
732,1,2020-02-15T06:59:36Z
733,15,2020-02-15T06:59:36Z
734,6,2020-02-15T06:59:36Z
735,3,2020-02-15T06:59:36Z
736,8,2020-02-15T06:59:36Z
737,11,2020-02-15T06:59:36Z
738,9,2020-02-15T06:59:36Z
739,7,2020-02-15T06:59:36Z
740,11,2020-02-15T06:59:36Z
741,12,2020-02-15T06:59:36Z
742,10,2020-02-15T06:59:36Z
743,2,2020-02-15T06:59:36Z
744,4,2020-02-15T06:59:36Z
745,15,2020-02-15T06:59:36Z
746,10,2020-02-15T06:59:36Z
747,10,2020-02-15T06:59:36Z
748,1,2020-02-15T06:59:36Z
749,11,2020-02-15T06:59:36Z
750,13,2020-02-15T06:59:36Z
751,13,2020-02-15T06:59:36Z
752,12,2020-02-15T06:59:36Z
753,8,2020-02-15T06:59:36Z
754,5,2020-02-15T06:59:36Z
755,3,2020-02-15T06:59:36Z
756,5,2020-02-15T06:59:36Z
757,6,2020-02-15T06:59:36Z
758,7,2020-02-15T06:59:36Z
759,13,2020-02-15T06:59:36Z
760,13,2020-02-15T06:59:36Z
761,3,2020-02-15T06:59:36Z
762,10,2020-02-15T06:59:36Z
763,15,2020-02-15T06:59:36Z
764,15,2020-02-15T06:59:36Z
765,5,2020-02-15T06:59:36Z
766,7,2020-02-15T06:59:36Z
767,12,2020-02-15T06:59:36Z
768,3,2020-02-15T06:59:36Z
769,9,2020-02-15T06:59:36Z
770,9,2020-02-15T06:59:36Z
771,7,2020-02-15T06:59:36Z
772,7,2020-02-15T06:59:36Z
773,15,2020-02-15T06:59:36Z
774,5,2020-02-15T06:59:36Z
775,7,2020-02-15T06:59:36Z
776,6,2020-02-15T06:59:36Z
777,15,2020-02-15T06:59:36Z
778,8,2020-02-15T06:59:36Z
779,15,2020-02-15T06:59:36Z
780,8,2020-02-15T06:59:36Z
781,10,2020-02-15T06:59:36Z
782,15,2020-02-15T06:59:36Z
783,16,2020-02-15T06:59:36Z
784,16,2020-02-15T06:59:36Z
785,16,2020-02-15T06:59:36Z
786,3,2020-02-15T06:59:36Z
787,16,2020-02-15T06:59:36Z
788,6,2020-02-15T06:59:36Z
789,9,2020-02-15T06:59:36Z
790,7,2020-02-15T06:59:36Z
791,6,2020-02-15T06:59:36Z
792,9,2020-02-15T06:59:36Z
793,1,2020-02-15T06:59:36Z
794,1,2020-02-15T06:59:36Z
795,8,2020-02-15T06:59:36Z
796,15,2020-02-15T06:59:36Z
797,12,2020-02-15T06:59:36Z
798,14,2020-02-15T06:59:36Z
799,11,2020-02-15T06:59:36Z
800,11,2020-02-15T06:59:36Z
801,3,2020-02-15T06:59:36Z
802,1,2020-02-15T06:59:36Z
803,7,2020-02-15T06:59:36Z
804,11,2020-02-15T06:59:36Z
805,2,2020-02-15T06:59:36Z
806,13,2020-02-15T06:59:36Z
807,10,2020-02-15T06:59:36Z
808,4,2020-02-15T06:59:36Z
809,15,2020-02-15T06:59:36Z
810,8,2020-02-15T06:59:36Z
811,16,2020-02-15T06:59:36Z
812,6,2020-02-15T06:59:36Z
813,15,2020-02-15T06:59:36Z
814,5,2020-02-15T06:59:36Z
815,4,2020-02-15T06:59:36Z
816,2,2020-02-15T06:59:36Z
817,14,2020-02-15T06:59:36Z
818,7,2020-02-15T06:59:36Z
819,12,2020-02-15T06:59:36Z
820,2,2020-02-15T06:59:36Z
821,9,2020-02-15T06:59:36Z
822,8,2020-02-15T06:59:36Z
823,1,2020-02-15T06:59:36Z
824,8,2020-02-15T06:59:36Z
825,1,2020-02-15T06:59:36Z
826,16,2020-02-15T06:59:36Z
827,7,2020-02-15T06:59:36Z
828,4,2020-02-15T06:59:36Z
829,8,2020-02-15T06:59:36Z
830,11,2020-02-15T06:59:36Z
831,14,2020-02-15T06:59:36Z
832,8,2020-02-15T06:59:36Z
833,3,2020-02-15T06:59:36Z
834,6,2020-02-15T06:59:36Z
835,10,2020-02-15T06:59:36Z
836,15,2020-02-15T06:59:36Z
837,5,2020-02-15T06:59:36Z
838,1,2020-02-15T06:59:36Z
839,14,2020-02-15T06:59:36Z
840,10,2020-02-15T06:59:36Z
841,15,2020-02-15T06:59:36Z
842,10,2020-02-15T06:59:36Z
843,4,2020-02-15T06:59:36Z
844,15,2020-02-15T06:59:36Z
845,9,2020-02-15T06:59:36Z
846,13,2020-02-15T06:59:36Z
847,13,2020-02-15T06:59:36Z
848,16,2020-02-15T06:59:36Z
849,2,2020-02-15T06:59:36Z
850,1,2020-02-15T06:59:36Z
851,15,2020-02-15T06:59:36Z
852,3,2020-02-15T06:59:36Z
853,3,2020-02-15T06:59:36Z
854,11,2020-02-15T06:59:36Z
855,6,2020-02-15T06:59:36Z
856,11,2020-02-15T06:59:36Z
857,5,2020-02-15T06:59:36Z
858,5,2020-02-15T06:59:36Z
859,2,2020-02-15T06:59:36Z
860,14,2020-02-15T06:59:36Z
861,10,2020-02-15T06:59:36Z
862,4,2020-02-15T06:59:36Z
863,14,2020-02-15T06:59:36Z
864,3,2020-02-15T06:59:36Z
865,2,2020-02-15T06:59:36Z
866,8,2020-02-15T06:59:36Z
867,8,2020-02-15T06:59:36Z
868,16,2020-02-15T06:59:36Z
869,1,2020-02-15T06:59:36Z
870,11,2020-02-15T06:59:36Z
871,5,2020-02-15T06:59:36Z
872,16,2020-02-15T06:59:36Z
873,3,2020-02-15T06:59:36Z
874,4,2020-02-15T06:59:36Z
875,15,2020-02-15T06:59:36Z
876,11,2020-02-15T06:59:36Z
877,12,2020-02-15T06:59:36Z
878,16,2020-02-15T06:59:36Z
879,12,2020-02-15T06:59:36Z
880,2,2020-02-15T06:59:36Z
881,11,2020-02-15T06:59:36Z
882,7,2020-02-15T06:59:36Z
883,3,2020-02-15T06:59:36Z
884,12,2020-02-15T06:59:36Z
885,11,2020-02-15T06:59:36Z
886,2,2020-02-15T06:59:36Z
887,2,2020-02-15T06:59:36Z
888,6,2020-02-15T06:59:36Z
889,3,2020-02-15T06:59:36Z
890,15,2020-02-15T06:59:36Z
891,4,2020-02-15T06:59:36Z
892,2,2020-02-15T06:59:36Z
893,14,2020-02-15T06:59:36Z
894,16,2020-02-15T06:59:36Z
895,4,2020-02-15T06:59:36Z
896,3,2020-02-15T06:59:36Z
897,7,2020-02-15T06:59:36Z
898,15,2020-02-15T06:59:36Z
899,4,2020-02-15T06:59:36Z
900,9,2020-02-15T06:59:36Z
901,2,2020-02-15T06:59:36Z
902,15,2020-02-15T06:59:36Z
903,16,2020-02-15T06:59:36Z
904,11,2020-02-15T06:59:36Z
905,5,2020-02-15T06:59:36Z
906,5,2020-02-15T06:59:36Z
907,7,2020-02-15T06:59:36Z
908,9,2020-02-15T06:59:36Z
909,11,2020-02-15T06:59:36Z
910,7,2020-02-15T06:59:36Z
911,1,2020-02-15T06:59:36Z
912,14,2020-02-15T06:59:36Z
913,13,2020-02-15T06:59:36Z
914,16,2020-02-15T06:59:36Z
915,1,2020-02-15T06:59:36Z
916,2,2020-02-15T06:59:36Z
917,15,2020-02-15T06:59:36Z
918,3,2020-02-15T06:59:36Z
919,10,2020-02-15T06:59:36Z
920,13,2020-02-15T06:59:36Z
921,12,2020-02-15T06:59:36Z
922,11,2020-02-15T06:59:36Z
923,7,2020-02-15T06:59:36Z
924,14,2020-02-15T06:59:36Z
925,6,2020-02-15T06:59:36Z
926,6,2020-02-15T06:59:36Z
927,1,2020-02-15T06:59:36Z
928,3,2020-02-15T06:59:36Z
929,9,2020-02-15T06:59:36Z
930,14,2020-02-15T06:59:36Z
931,16,2020-02-15T06:59:36Z
932,5,2020-02-15T06:59:36Z
933,13,2020-02-15T06:59:36Z
934,10,2020-02-15T06:59:36Z
935,13,2020-02-15T06:59:36Z
936,12,2020-02-15T06:59:36Z
937,13,2020-02-15T06:59:36Z
938,5,2020-02-15T06:59:36Z
939,5,2020-02-15T06:59:36Z
940,15,2020-02-15T06:59:36Z
941,10,2020-02-15T06:59:36Z
942,7,2020-02-15T06:59:36Z
943,6,2020-02-15T06:59:36Z
944,7,2020-02-15T06:59:36Z
945,6,2020-02-15T06:59:36Z
946,8,2020-02-15T06:59:36Z
947,9,2020-02-15T06:59:36Z
948,13,2020-02-15T06:59:36Z
949,10,2020-02-15T06:59:36Z
950,4,2020-02-15T06:59:36Z
951,4,2020-02-15T06:59:36Z
952,6,2020-02-15T06:59:36Z
953,2,2020-02-15T06:59:36Z
954,13,2020-02-15T06:59:36Z
955,3,2020-02-15T06:59:36Z
956,10,2020-02-15T06:59:36Z
957,9,2020-02-15T06:59:36Z
958,7,2020-02-15T06:59:36Z
959,3,2020-02-15T06:59:36Z
960,6,2020-02-15T06:59:36Z
961,9,2020-02-15T06:59:36Z
962,4,2020-02-15T06:59:36Z
963,2,2020-02-15T06:59:36Z
964,1,2020-02-15T06:59:36Z
965,11,2020-02-15T06:59:36Z
966,6,2020-02-15T06:59:36Z
967,14,2020-02-15T06:59:36Z
968,1,2020-02-15T06:59:36Z
969,7,2020-02-15T06:59:36Z
970,4,2020-02-15T06:59:36Z
971,9,2020-02-15T06:59:36Z
972,14,2020-02-15T06:59:36Z
973,6,2020-02-15T06:59:36Z
974,13,2020-02-15T06:59:36Z
975,8,2020-02-15T06:59:36Z
976,10,2020-02-15T06:59:36Z
977,16,2020-02-15T06:59:36Z
978,5,2020-02-15T06:59:36Z
979,7,2020-02-15T06:59:36Z
980,12,2020-02-15T06:59:36Z
981,16,2020-02-15T06:59:36Z
982,1,2020-02-15T06:59:36Z
983,12,2020-02-15T06:59:36Z
984,9,2020-02-15T06:59:36Z
985,14,2020-02-15T06:59:36Z
986,2,2020-02-15T06:59:36Z
987,12,2020-02-15T06:59:36Z
988,16,2020-02-15T06:59:36Z
989,16,2020-02-15T06:59:36Z
990,11,2020-02-15T06:59:36Z
991,1,2020-02-15T06:59:36Z
992,6,2020-02-15T06:59:36Z
993,3,2020-02-15T06:59:36Z
994,13,2020-02-15T06:59:36Z
995,11,2020-02-15T06:59:36Z
996,6,2020-02-15T06:59:36Z
997,12,2020-02-15T06:59:36Z
998,11,2020-02-15T06:59:36Z
999,3,2020-02-15T06:59:36Z
1000,5,2020-02-15T06:59:36Z
